timestamp,part_id,material,surface_roughness_Ra_um,chatter_mark_count,dimensional_deviation_mm,surface_defect_grade,hardness_HV
2026-04-01 16:00:00,P011001,AL7075,0.758,0,0.0105,A,159.7
2026-04-01 16:24:00,P011002,AL7075,0.778,0,0.0001,A,178.0
2026-04-01 16:48:00,P011003,AL7075,0.88,0,0.0021,A,176.6
2026-04-01 17:12:00,P011004,AL7075,0.764,0,0.0043,A,179.9
2026-04-01 17:36:00,P011005,AL7075,0.681,0,0.0054,A,183.0
2026-04-01 18:00:00,P011006,AL7075,0.923,0,0.0073,A,177.9
2026-04-01 18:24:00,P011007,AL7075,0.797,0,0.0028,A,163.3
2026-04-01 18:48:00,P011008,AL7075,0.629,0,0.0065,A,174.4
2026-04-01 19:12:00,P011009,AL7075,0.827,0,0.0086,A,167.7
2026-04-01 19:36:00,P011010,AL7075,0.839,0,0.0055,A,178.8
2026-04-01 20:00:00,P011011,AL7075,0.772,0,0.0052,A,181.3
2026-04-01 20:24:00,P011012,AL7075,0.746,0,0.0019,A,180.3
2026-04-01 20:48:00,P011013,AL7075,0.719,0,0.0071,A,177.7
2026-04-01 21:12:00,P011014,AL7075,0.855,0,0.0061,A,180.7
2026-04-01 21:36:00,P011015,AL7075,0.817,0,0.0015,A,165.9
2026-04-01 22:00:00,P011016,AL7075,0.928,0,0.0103,A,184.1
2026-04-01 22:24:00,P011017,AL7075,0.886,0,0.004,A,183.7
2026-04-01 22:48:00,P011018,AL7075,0.864,0,0.003,A,176.5
2026-04-01 23:12:00,P011019,AL7075,0.705,0,0.0006,A,182.3
2026-04-01 23:36:00,P011020,AL7075,0.706,0,0.0021,A,165.0
2026-04-02 00:00:00,P011021,AL7075,0.851,0,0.0047,A,180.3
2026-04-02 00:24:00,P011022,AL7075,0.739,2,0.009,A,161.3
2026-04-02 00:48:00,P011023,AL7075,0.813,0,0.0079,A,183.6
2026-04-02 01:12:00,P011024,AL7075,0.862,0,0.0,A,148.1
2026-04-02 01:36:00,P011025,SS304,0.904,0,0.013,A,248.1
2026-04-02 04:00:00,P012001,SS304,0.723,0,0.0048,A,240.6
2026-04-02 04:24:00,P012002,SS304,0.639,0,0.0091,A,243.2
2026-04-02 04:48:00,P012003,SS304,0.887,0,0.0071,A,242.3
2026-04-02 05:12:00,P012004,SS304,0.724,0,0.0076,A,236.7
2026-04-02 05:36:00,P012005,SS304,0.814,0,0.0064,A,261.5
2026-04-02 06:00:00,P012006,SS304,0.923,0,0.0099,A,243.8
2026-04-02 06:24:00,P012007,SS304,0.998,0,0.0129,A,259.7
2026-04-02 06:48:00,P012008,SS304,0.948,0,0.0188,A,255.2
2026-04-02 07:12:00,P012009,SS304,0.762,0,0.0092,A,254.5
2026-04-02 07:36:00,P012010,SS304,0.886,0,0.0084,A,254.1
2026-04-02 08:00:00,P012011,SS304,0.793,0,0.0116,A,262.8
2026-04-02 08:24:00,P012012,SS304,0.788,0,0.0156,A,243.0
2026-04-02 08:48:00,P012013,SS304,0.968,0,0.0096,A,247.7
2026-04-02 09:12:00,P012014,SS304,0.843,0,0.0098,A,264.3
2026-04-02 09:36:00,P012015,SS304,0.912,0,0.0078,A,259.9
2026-04-02 10:00:00,P012016,SS304,0.878,0,0.0106,A,262.0
2026-04-02 10:24:00,P012017,SS304,0.827,0,0.0177,A,236.3
2026-04-02 10:48:00,P012018,SS304,0.742,0,0.0199,A,237.8
2026-04-02 11:12:00,P012019,SS304,0.925,0,0.0224,A,249.7
2026-04-02 11:36:00,P012020,SS304,0.902,0,0.0156,A,252.9
2026-04-02 12:00:00,P012021,TI6AL4V,0.948,0,0.0205,A,385.4
2026-04-02 12:24:00,P012022,TI6AL4V,0.885,0,0.0148,A,385.3
2026-04-02 12:48:00,P012023,TI6AL4V,0.99,0,0.0228,A,374.4
2026-04-02 13:12:00,P012024,TI6AL4V,0.866,0,0.0133,A,364.7
2026-04-02 13:36:00,P012025,TI6AL4V,1.091,0,0.0299,B,379.9
2026-04-02 16:00:00,P021001,TI6AL4V,0.96,0,0.0141,A,388.1
2026-04-02 16:24:00,P021002,TI6AL4V,1.016,0,0.0253,B,387.0
2026-04-02 16:48:00,P021003,TI6AL4V,1.1,0,0.0158,B,382.1
2026-04-02 17:12:00,P021004,TI6AL4V,0.941,0,0.019,A,389.2
2026-04-02 17:36:00,P021005,TI6AL4V,1.032,0,0.0187,B,386.8
2026-04-02 18:00:00,P021006,TI6AL4V,1.092,0,0.0268,B,392.0
2026-04-02 18:24:00,P021007,TI6AL4V,1.004,0,0.0195,B,374.4
2026-04-02 18:48:00,P021008,TI6AL4V,1.04,0,0.0234,B,385.9
2026-04-02 19:12:00,P021009,TI6AL4V,1.012,0,0.019,B,386.3
2026-04-02 19:36:00,P021010,TI6AL4V,1.139,0,0.0269,B,382.5
2026-04-02 20:00:00,P021011,AL7075,1.058,0,0.0237,B,169.8
2026-04-02 20:24:00,P021012,AL7075,0.967,0,0.0123,A,173.0
2026-04-02 20:48:00,P021013,AL7075,0.936,0,0.0116,A,171.0
2026-04-02 21:12:00,P021014,AL7075,1.045,0,0.0173,B,169.7
2026-04-02 21:36:00,P021015,AL7075,0.958,0,0.012,A,175.3
2026-04-02 22:00:00,P021016,AL7075,0.999,0,0.0141,A,179.8
2026-04-02 22:24:00,P021017,AL7075,1.003,0,0.0118,B,169.6
2026-04-02 22:48:00,P021018,AL7075,1.148,0,0.0102,B,190.3
2026-04-02 23:12:00,P021019,AL7075,1.099,0,0.016,B,171.0
2026-04-02 23:36:00,P021020,AL7075,1.066,0,0.0157,B,188.8
2026-04-03 00:00:00,P021021,AL7075,0.888,3,0.0133,B,168.9
2026-04-03 00:24:00,P021022,AL7075,0.901,0,0.0131,A,166.3
2026-04-03 00:48:00,P021023,AL7075,1.099,0,0.0105,B,175.3
2026-04-03 01:12:00,P021024,AL7075,1.073,0,0.0173,B,177.9
2026-04-03 01:36:00,P021025,AL7075,1.129,0,0.0108,B,170.8
2026-04-03 04:00:00,P022001,AL7075,1.023,0,0.0254,B,174.1
2026-04-03 04:24:00,P022002,AL7075,1.074,0,0.0126,B,176.4
2026-04-03 04:48:00,P022003,AL7075,1.208,0,0.0178,B,183.5
2026-04-03 05:12:00,P022004,AL7075,1.089,0,0.0068,B,172.8
2026-04-03 05:36:00,P022005,AL7075,0.944,0,0.0035,A,185.4
2026-04-03 06:00:00,P022006,AL7075,0.635,0,0.0029,A,178.6
2026-04-03 06:24:00,P022007,AL7075,0.805,0,0.0033,A,169.8
2026-04-03 06:48:00,P022008,AL7075,0.79,0,0.0021,A,188.0
2026-04-03 07:12:00,P022009,AL7075,0.684,0,0.0093,A,180.1
2026-04-03 07:36:00,P022010,SS304,0.602,0,0.0078,A,244.4
2026-04-03 08:00:00,P022011,SS304,0.827,0,0.0066,A,254.6
2026-04-03 08:24:00,P022012,SS304,0.831,0,0.0131,A,256.2
2026-04-03 08:48:00,P022013,SS304,0.766,0,0.0121,A,249.4
2026-04-03 09:12:00,P022014,SS304,0.889,0,0.0093,A,256.0
2026-04-03 09:36:00,P022015,SS304,0.695,0,0.0102,A,253.6
2026-04-03 10:00:00,P022016,SS304,0.717,0,0.0101,A,245.7
2026-04-03 10:24:00,P022017,SS304,0.777,0,0.0035,A,240.1
2026-04-03 10:48:00,P022018,SS304,0.801,0,0.019,A,247.5
2026-04-03 11:12:00,P022019,SS304,0.679,0,0.0105,A,254.7
2026-04-03 11:36:00,P022020,SS304,0.888,0,0.0092,A,250.0
2026-04-03 12:00:00,P022021,SS304,0.762,0,0.0115,A,251.4
2026-04-03 12:24:00,P022022,SS304,0.757,1,0.0168,A,249.4
2026-04-03 12:48:00,P022023,SS304,0.7,0,0.013,A,238.2
2026-04-03 13:12:00,P022024,SS304,0.715,0,0.0091,A,245.9
2026-04-03 13:36:00,P022025,SS304,0.737,0,0.0134,A,246.9
2026-04-03 16:00:00,P031001,SS304,0.791,0,0.0172,A,267.7
2026-04-03 16:24:00,P031002,SS304,0.774,0,0.0115,A,247.0
2026-04-03 16:48:00,P031003,SS304,0.802,0,0.0134,A,252.1
2026-04-03 17:12:00,P031004,SS304,0.865,0,0.017,A,251.5
2026-04-03 17:36:00,P031005,SS304,0.782,0,0.0081,A,247.0
2026-04-03 18:00:00,P031006,TI6AL4V,0.751,0,0.0135,A,373.9
2026-04-03 18:24:00,P031007,TI6AL4V,0.981,0,0.013,A,377.1
2026-04-03 18:48:00,P031008,TI6AL4V,0.824,0,0.0209,A,386.8
2026-04-03 19:12:00,P031009,TI6AL4V,0.965,0,0.0165,A,386.5
2026-04-03 19:36:00,P031010,TI6AL4V,1.003,1,0.0148,B,383.4
2026-04-03 20:00:00,P031011,TI6AL4V,0.886,2,0.0124,A,376.7
2026-04-03 20:24:00,P031012,TI6AL4V,0.941,0,0.0096,A,383.1
2026-04-03 20:48:00,P031013,TI6AL4V,1.056,0,0.0166,B,371.3
2026-04-03 21:12:00,P031014,TI6AL4V,1.003,0,0.013,B,384.2
2026-04-03 21:36:00,P031015,TI6AL4V,0.879,0,0.0044,A,386.5
2026-04-03 22:00:00,P031016,TI6AL4V,0.754,0,0.0071,A,378.1
2026-04-03 22:24:00,P031017,TI6AL4V,0.843,0,0.0147,A,378.7
2026-04-03 22:48:00,P031018,TI6AL4V,0.824,0,0.0152,A,378.9
2026-04-03 23:12:00,P031019,TI6AL4V,1.051,0,0.0135,B,373.3
2026-04-03 23:36:00,P031020,TI6AL4V,0.905,0,0.0102,A,363.0
2026-04-04 00:00:00,P031021,AL7075,0.947,0,0.0049,A,166.1
2026-04-04 00:24:00,P031022,AL7075,0.796,0,0.0047,A,184.1
2026-04-04 00:48:00,P031023,AL7075,0.833,0,0.0098,A,180.9
2026-04-04 01:12:00,P031024,AL7075,0.905,0,0.0095,A,165.3
2026-04-04 01:36:00,P031025,AL7075,0.951,0,0.0112,A,170.2
2026-04-04 04:00:00,P032001,AL7075,0.977,0,0.0027,A,163.6
2026-04-04 04:24:00,P032002,AL7075,0.896,0,0.0074,A,176.2
2026-04-04 04:48:00,P032003,AL7075,0.919,0,0.0197,A,167.9
2026-04-04 05:12:00,P032004,AL7075,0.946,0,0.0037,A,169.3
2026-04-04 05:36:00,P032005,AL7075,0.956,0,0.0099,A,180.1
2026-04-04 06:00:00,P032006,AL7075,1.007,0,0.0141,B,173.3
2026-04-04 06:24:00,P032007,AL7075,0.84,0,0.0116,A,177.3
2026-04-04 06:48:00,P032008,AL7075,1.009,0,0.0069,B,175.6
2026-04-04 07:12:00,P032009,AL7075,0.9,0,0.0165,A,178.4
2026-04-04 07:36:00,P032010,AL7075,0.956,0,0.0222,A,166.5
2026-04-04 08:00:00,P032011,AL7075,1.171,0,0.014,B,174.2
2026-04-04 08:24:00,P032012,AL7075,0.959,0,0.0143,A,183.4
2026-04-04 08:48:00,P032013,AL7075,1.128,0,0.0173,B,176.0
2026-04-04 09:12:00,P032014,AL7075,1.091,0,0.0144,B,175.8
2026-04-04 09:36:00,P032015,AL7075,1.077,0,0.0076,B,165.2
2026-04-04 10:00:00,P032016,AL7075,1.023,0,0.0133,B,179.5
2026-04-04 10:24:00,P032017,AL7075,1.031,0,0.0215,B,169.9
2026-04-04 10:48:00,P032018,AL7075,0.856,0,0.0183,A,188.0
2026-04-04 11:12:00,P032019,AL7075,0.938,0,0.0216,A,165.7
2026-04-04 11:36:00,P032020,SS304,0.995,0,0.0181,A,243.6
2026-04-04 12:00:00,P032021,SS304,1.041,0,0.023,B,238.5
2026-04-04 12:24:00,P032022,SS304,1.091,0,0.0193,B,256.3
2026-04-04 12:48:00,P032023,SS304,0.935,3,0.0149,B,248.9
2026-04-04 13:12:00,P032024,SS304,1.158,0,0.0129,B,256.3
2026-04-04 13:36:00,P032025,SS304,1.047,0,0.0202,B,250.1
2026-04-04 16:00:00,P041001,SS304,1.049,0,0.0182,B,256.0
2026-04-04 16:24:00,P041002,SS304,0.922,0,0.0238,A,251.1
2026-04-04 16:48:00,P041003,SS304,1.075,0,0.0115,B,253.9
2026-04-04 17:12:00,P041004,SS304,1.081,0,0.0263,B,243.9
2026-04-04 17:36:00,P041005,SS304,0.934,0,0.0155,A,250.1
2026-04-04 18:00:00,P041006,SS304,1.071,0,0.0269,B,244.1
2026-04-04 18:24:00,P041007,SS304,0.833,0,0.0171,A,249.7
2026-04-04 18:48:00,P041008,SS304,0.988,0,0.0138,A,262.6
2026-04-04 19:12:00,P041009,SS304,1.174,0,0.0202,B,254.7
2026-04-04 19:36:00,P041010,SS304,0.686,0,0.0055,A,253.0
2026-04-04 20:00:00,P041011,SS304,0.664,0,0.0006,A,256.6
2026-04-04 20:24:00,P041012,SS304,0.584,0,0.0066,A,243.0
2026-04-04 20:48:00,P041013,SS304,0.734,0,0.0034,A,254.7
2026-04-04 21:12:00,P041014,SS304,0.664,0,0.0004,A,265.9
2026-04-04 21:36:00,P041015,SS304,0.906,0,0.0088,A,239.4
2026-04-04 22:00:00,P041016,TI6AL4V,0.758,0,0.0037,A,383.4
2026-04-04 22:24:00,P041017,TI6AL4V,0.623,0,0.0056,A,389.1
2026-04-04 22:48:00,P041018,TI6AL4V,0.947,0,0.0147,A,383.1
2026-04-04 23:12:00,P041019,TI6AL4V,1.029,0,0.0123,B,388.0
2026-04-04 23:36:00,P041020,TI6AL4V,0.936,0,0.0131,A,380.7
2026-04-05 00:00:00,P041021,TI6AL4V,0.801,0,0.0127,A,380.3
2026-04-05 00:24:00,P041022,TI6AL4V,0.923,0,0.0079,A,386.2
2026-04-05 00:48:00,P041023,TI6AL4V,0.889,0,0.009,A,387.5
2026-04-05 01:12:00,P041024,TI6AL4V,0.769,0,0.0071,A,375.8
2026-04-05 01:36:00,P041025,TI6AL4V,0.826,0,0.0001,A,379.0
2026-04-05 04:00:00,P042001,TI6AL4V,0.886,3,0.0124,B,364.0
2026-04-05 04:24:00,P042002,TI6AL4V,0.968,0,0.0155,A,378.7
2026-04-05 04:48:00,P042003,TI6AL4V,0.871,0,0.0118,A,382.4
2026-04-05 05:12:00,P042004,TI6AL4V,0.825,0,0.0102,A,370.9
2026-04-05 05:36:00,P042005,TI6AL4V,0.859,0,0.0099,A,376.9
2026-04-05 06:00:00,P042006,AL7075,0.838,0,0.0109,A,164.5
2026-04-05 06:24:00,P042007,AL7075,0.874,0,0.0121,A,173.1
2026-04-05 06:48:00,P042008,AL7075,0.756,0,0.0116,A,172.7
2026-04-05 07:12:00,P042009,AL7075,0.928,0,0.0137,A,171.3
2026-04-05 07:36:00,P042010,AL7075,0.83,0,0.0085,A,172.3
2026-04-05 08:00:00,P042011,AL7075,0.835,0,0.0103,A,170.9
2026-04-05 08:24:00,P042012,AL7075,0.964,0,0.0188,A,180.7
2026-04-05 08:48:00,P042013,AL7075,1.008,0,0.0092,B,177.7
2026-04-05 09:12:00,P042014,AL7075,0.971,0,0.0109,A,174.3
2026-04-05 09:36:00,P042015,AL7075,0.887,0,0.01,A,186.7
2026-04-05 10:00:00,P042016,AL7075,0.836,0,0.0156,A,197.0
2026-04-05 10:24:00,P042017,AL7075,0.724,0,0.0145,A,178.3
2026-04-05 10:48:00,P042018,AL7075,0.852,0,0.0067,A,176.9
2026-04-05 11:12:00,P042019,AL7075,0.929,0,0.0139,A,164.7
2026-04-05 11:36:00,P042020,AL7075,0.88,0,0.017,A,177.8
2026-04-05 12:00:00,P042021,AL7075,0.881,0,0.0207,A,165.6
2026-04-05 12:24:00,P042022,AL7075,0.978,0,0.01,A,173.6
2026-04-05 12:48:00,P042023,AL7075,1.037,0,0.0118,B,151.6
2026-04-05 13:12:00,P042024,AL7075,0.898,0,0.0151,A,169.0
2026-04-05 13:36:00,P042025,AL7075,0.845,0,0.0117,A,176.1
2026-04-05 16:00:00,P051001,AL7075,0.971,0,0.0191,A,188.1
2026-04-05 16:24:00,P051002,AL7075,1.075,0,0.0109,B,168.1
2026-04-05 16:48:00,P051003,AL7075,0.944,0,0.0134,A,168.8
2026-04-05 17:12:00,P051004,AL7075,0.772,0,0.01,A,166.0
2026-04-05 17:36:00,P051005,SS304,0.885,0,0.0163,A,241.7
2026-04-05 18:00:00,P051006,SS304,0.839,0,0.0215,A,250.3
2026-04-05 18:24:00,P051007,SS304,0.92,0,0.0201,A,248.4
2026-04-05 18:48:00,P051008,SS304,1.084,0,0.0132,B,236.7
2026-04-05 19:12:00,P051009,SS304,0.976,0,0.0186,A,254.6
2026-04-05 19:36:00,P051010,SS304,0.959,0,0.0192,A,246.7
2026-04-05 20:00:00,P051011,SS304,0.765,0,0.0175,A,253.9
2026-04-05 20:24:00,P051012,SS304,0.931,0,0.0115,A,262.5
2026-04-05 20:48:00,P051013,SS304,0.879,0,0.0121,A,263.3
2026-04-05 21:12:00,P051014,SS304,1.021,0,0.0142,B,246.4
2026-04-05 21:36:00,P051015,SS304,0.831,0,0.0092,A,256.8
2026-04-05 22:00:00,P051016,SS304,1.081,0,0.0123,B,242.4
2026-04-05 22:24:00,P051017,SS304,1.019,0,0.0106,B,240.3
2026-04-05 22:48:00,P051018,SS304,0.997,0,0.0149,A,248.0
2026-04-05 23:12:00,P051019,SS304,1.041,0,0.0119,B,237.8
2026-04-05 23:36:00,P051020,SS304,0.96,0,0.0096,A,251.6
2026-04-06 00:00:00,P051021,SS304,0.968,1,0.0157,A,253.6
2026-04-06 00:24:00,P051022,SS304,0.915,0,0.0082,A,251.3
2026-04-06 00:48:00,P051023,SS304,0.846,0,0.0187,A,243.1
2026-04-06 01:12:00,P051024,SS304,0.965,0,0.0156,A,250.1
2026-04-06 01:36:00,P051025,SS304,1.085,0,0.0167,B,251.1
2026-04-06 04:00:00,P052001,TI6AL4V,1.079,0,0.0148,B,383.4
2026-04-06 04:24:00,P052002,TI6AL4V,1.169,0,0.0174,B,384.6
2026-04-06 04:48:00,P052003,TI6AL4V,1.082,0,0.0159,B,377.1
2026-04-06 05:12:00,P052004,TI6AL4V,1.07,0,0.0155,B,383.5
2026-04-06 05:36:00,P052005,TI6AL4V,1.06,0,0.0193,B,372.8
2026-04-06 06:00:00,P052006,TI6AL4V,1.112,0,0.0106,B,374.4
2026-04-06 06:24:00,P052007,TI6AL4V,1.081,0,0.0149,B,374.0
2026-04-06 06:48:00,P052008,TI6AL4V,1.03,0,0.0246,B,394.6
2026-04-06 07:12:00,P052009,TI6AL4V,1.076,0,0.0235,B,374.6
2026-04-06 07:36:00,P052010,TI6AL4V,1.239,0,0.0222,B,385.8
2026-04-06 08:00:00,P052011,TI6AL4V,1.178,0,0.0227,B,395.3
2026-04-06 08:24:00,P052012,TI6AL4V,0.999,0,0.0227,A,386.2
2026-04-06 08:48:00,P052013,TI6AL4V,1.034,3,0.0193,B,377.0
2026-04-06 09:12:00,P052014,TI6AL4V,1.142,0,0.0213,B,371.5
2026-04-06 09:36:00,P052015,TI6AL4V,0.833,0,0.0119,A,378.5
2026-04-06 10:00:00,P052016,AL7075,0.818,0,0.0043,A,178.8
2026-04-06 10:24:00,P052017,AL7075,0.707,0,0.0081,A,166.5
2026-04-06 10:48:00,P052018,AL7075,0.787,0,0.0149,A,162.1
2026-04-06 11:12:00,P052019,AL7075,0.87,0,0.0098,A,176.5
2026-04-06 11:36:00,P052020,AL7075,0.662,0,0.009,A,169.2
2026-04-06 12:00:00,P052021,AL7075,0.841,0,0.0046,A,175.5
2026-04-06 12:24:00,P052022,AL7075,0.704,0,0.0152,A,177.7
2026-04-06 12:48:00,P052023,AL7075,0.797,0,0.0064,A,166.9
2026-04-06 13:12:00,P052024,AL7075,0.751,0,0.0012,A,182.0
2026-04-06 13:36:00,P052025,AL7075,0.675,0,0.0064,A,180.9
2026-04-06 16:00:00,P061001,AL7075,0.755,0,0.0119,A,170.9
2026-04-06 16:24:00,P061002,AL7075,0.662,3,0.0094,B,169.1
2026-04-06 16:48:00,P061003,AL7075,0.757,0,0.0055,A,176.0
2026-04-06 17:12:00,P061004,AL7075,0.553,0,0.0072,A,179.1
2026-04-06 17:36:00,P061005,AL7075,0.766,0,0.0068,A,172.2
2026-04-06 18:00:00,P061006,AL7075,0.76,0,0.0038,A,172.1
2026-04-06 18:24:00,P061007,AL7075,0.787,0,0.0054,A,170.8
2026-04-06 18:48:00,P061008,AL7075,0.832,0,0.0,A,178.5
2026-04-06 19:12:00,P061009,AL7075,1.004,0,0.012,B,173.2
2026-04-06 19:36:00,P061010,AL7075,0.82,0,0.0097,A,176.5
2026-04-06 20:00:00,P061011,AL7075,0.729,0,0.0065,A,189.9
2026-04-06 20:24:00,P061012,AL7075,0.761,0,0.0043,A,176.6
2026-04-06 20:48:00,P061013,AL7075,0.85,0,0.0036,A,161.5
2026-04-06 21:12:00,P061014,AL7075,0.895,0,0.0087,A,163.3
2026-04-06 21:36:00,P061015,SS304,0.876,0,0.0065,A,240.7
2026-04-06 22:00:00,P061016,SS304,0.855,0,0.0076,A,251.1
2026-04-06 22:24:00,P061017,SS304,0.726,0,0.017,A,246.6
2026-04-06 22:48:00,P061018,SS304,0.859,0,0.0118,A,247.3
2026-04-06 23:12:00,P061019,SS304,0.991,0,0.0104,A,254.9
2026-04-06 23:36:00,P061020,SS304,0.903,0,0.0081,A,247.9
2026-04-07 00:00:00,P061021,SS304,0.794,0,0.0003,A,264.0
2026-04-07 00:24:00,P061022,SS304,0.803,0,0.0097,A,250.2
2026-04-07 00:48:00,P061023,SS304,0.792,0,0.0021,A,238.1
2026-04-07 01:12:00,P061024,SS304,0.804,0,0.0109,A,237.0
2026-04-07 01:36:00,P061025,SS304,0.858,0,0.008,A,247.6
2026-04-07 04:00:00,P062001,SS304,0.768,0,0.0099,A,246.3
2026-04-07 04:24:00,P062002,SS304,0.841,0,0.0118,A,232.1
2026-04-07 04:48:00,P062003,SS304,0.828,0,0.0066,A,249.2
2026-04-07 05:12:00,P062004,SS304,0.912,0,0.0112,A,247.4
2026-04-07 05:36:00,P062005,SS304,0.777,0,0.0063,A,241.8
2026-04-07 06:00:00,P062006,SS304,0.866,3,0.0166,B,251.9
2026-04-07 06:24:00,P062007,SS304,0.963,0,0.0161,A,263.0
2026-04-07 06:48:00,P062008,SS304,0.871,0,0.0085,A,247.2
2026-04-07 07:12:00,P062009,SS304,0.847,0,0.0186,A,253.6
2026-04-07 07:36:00,P062010,SS304,0.996,0,0.0194,A,248.0
2026-04-07 08:00:00,P062011,TI6AL4V,1.122,0,0.0176,B,384.4
2026-04-07 08:24:00,P062012,TI6AL4V,1.033,0,0.0273,B,379.4
2026-04-07 08:48:00,P062013,TI6AL4V,0.881,0,0.0216,A,376.9
2026-04-07 09:12:00,P062014,TI6AL4V,1.078,0,0.0162,B,381.9
2026-04-07 09:36:00,P062015,TI6AL4V,1.117,0,0.0177,B,373.1
2026-04-07 10:00:00,P062016,TI6AL4V,0.954,0,0.02,A,384.8
2026-04-07 10:24:00,P062017,TI6AL4V,0.827,0,0.0168,A,386.5
2026-04-07 10:48:00,P062018,TI6AL4V,0.959,0,0.0223,A,378.8
2026-04-07 11:12:00,P062019,TI6AL4V,1.031,0,0.0187,B,373.3
2026-04-07 11:36:00,P062020,TI6AL4V,1.146,0,0.0269,B,380.5
2026-04-07 12:00:00,P062021,TI6AL4V,0.934,0,0.0162,A,380.3
2026-04-07 12:24:00,P062022,TI6AL4V,1.064,0,0.0214,B,383.3
2026-04-07 12:48:00,P062023,TI6AL4V,0.972,0,0.0148,A,375.7
2026-04-07 13:12:00,P062024,TI6AL4V,0.992,0,0.0134,A,381.1
2026-04-07 13:36:00,P062025,TI6AL4V,0.851,0,0.0196,A,371.5
2026-04-07 16:00:00,P071001,AL7075,0.947,0,0.0109,A,195.6
2026-04-07 16:24:00,P071002,AL7075,1.019,2,0.014,B,189.4
2026-04-07 16:48:00,P071003,AL7075,0.801,0,0.0195,A,188.1
2026-04-07 17:12:00,P071004,AL7075,0.956,0,0.0126,A,171.2
2026-04-07 17:36:00,P071005,AL7075,1.026,0,0.0114,B,173.7
2026-04-07 18:00:00,P071006,AL7075,1.083,0,0.0134,B,177.9
2026-04-07 18:24:00,P071007,AL7075,0.984,0,0.0183,A,162.5
2026-04-07 18:48:00,P071008,AL7075,0.879,0,0.0117,A,166.0
2026-04-07 19:12:00,P071009,AL7075,0.942,0,0.0159,A,160.6
2026-04-07 19:36:00,P071010,AL7075,1.066,0,0.011,B,165.6
2026-04-07 20:00:00,P071011,AL7075,1.041,2,0.0184,B,164.3
2026-04-07 20:24:00,P071012,AL7075,0.983,0,0.0171,A,167.2
2026-04-07 20:48:00,P071013,AL7075,1.034,0,0.0205,B,176.9
2026-04-07 21:12:00,P071014,AL7075,1.06,0,0.023,B,167.8
2026-04-07 21:36:00,P071015,AL7075,0.981,0,0.0136,A,182.5
2026-04-07 22:00:00,P071016,AL7075,0.978,0,0.0163,A,172.0
2026-04-07 22:24:00,P071017,AL7075,1.025,0,0.0126,B,161.3
2026-04-07 22:48:00,P071018,AL7075,1.017,0,0.0248,B,159.5
2026-04-07 23:12:00,P071019,AL7075,1.021,0,0.014,B,170.1
2026-04-07 23:36:00,P071020,AL7075,0.937,0,0.0066,A,182.0
2026-04-08 00:00:00,P071021,AL7075,0.705,0,0.0049,A,150.6
2026-04-08 00:24:00,P071022,AL7075,0.692,0,0.0045,A,177.9
2026-04-08 00:48:00,P071023,AL7075,0.772,0,0.0087,A,173.7
2026-04-08 01:12:00,P071024,AL7075,0.716,0,0.0044,A,178.0
2026-04-08 01:36:00,P071025,SS304,0.742,0,0.0198,A,252.6
2026-04-08 04:00:00,P072001,SS304,0.844,0,0.0098,A,250.5
2026-04-08 04:24:00,P072002,SS304,0.657,0,0.0023,A,260.9
2026-04-08 04:48:00,P072003,SS304,0.747,0,0.0008,A,251.8
2026-04-08 05:12:00,P072004,SS304,0.672,0,0.0071,A,257.3
2026-04-08 05:36:00,P072005,SS304,0.763,0,0.0058,A,254.7
2026-04-08 06:00:00,P072006,SS304,0.671,0,0.0086,A,248.1
2026-04-08 06:24:00,P072007,SS304,0.661,0,0.0036,A,247.2
2026-04-08 06:48:00,P072008,SS304,0.718,0,0.0117,A,239.3
2026-04-08 07:12:00,P072009,SS304,0.731,0,0.0097,A,251.3
2026-04-08 07:36:00,P072010,SS304,0.898,0,0.007,A,254.9
2026-04-08 08:00:00,P072011,SS304,0.756,0,0.0021,A,249.8
2026-04-08 08:24:00,P072012,SS304,0.65,0,0.0147,A,256.9
2026-04-08 08:48:00,P072013,SS304,0.641,0,0.0135,A,259.9
2026-04-08 09:12:00,P072014,SS304,0.932,0,0.0071,A,246.6
2026-04-08 09:36:00,P072015,SS304,0.716,0,0.0106,A,265.2
2026-04-08 10:00:00,P072016,SS304,0.599,0,0.0148,A,252.1
2026-04-08 10:24:00,P072017,SS304,0.738,3,0.0081,B,257.7
2026-04-08 10:48:00,P072018,SS304,0.812,0,0.0125,A,259.0
2026-04-08 11:12:00,P072019,SS304,0.666,0,0.0077,A,251.0
2026-04-08 11:36:00,P072020,SS304,0.808,0,0.0176,A,254.4
2026-04-08 12:00:00,P072021,TI6AL4V,0.977,1,0.0159,A,384.3
2026-04-08 12:24:00,P072022,TI6AL4V,0.807,0,0.0219,A,385.5
2026-04-08 12:48:00,P072023,TI6AL4V,0.995,0,0.0181,A,381.4
2026-04-08 13:12:00,P072024,TI6AL4V,0.911,0,0.0151,A,379.2
2026-04-08 13:36:00,P072025,TI6AL4V,0.738,0,0.0184,A,383.0
2026-04-08 16:00:00,P081001,TI6AL4V,0.991,0,0.0166,A,380.4
2026-04-08 16:24:00,P081002,TI6AL4V,0.927,0,0.0122,A,372.6
2026-04-08 16:48:00,P081003,TI6AL4V,0.864,0,0.0142,A,399.0
2026-04-08 17:12:00,P081004,TI6AL4V,0.871,0,0.0234,A,384.5
2026-04-08 17:36:00,P081005,TI6AL4V,0.956,0,0.009,A,372.4
2026-04-08 18:00:00,P081006,TI6AL4V,1.031,0,0.0168,B,376.2
2026-04-08 18:24:00,P081007,TI6AL4V,0.903,0,0.0116,A,378.1
2026-04-08 18:48:00,P081008,TI6AL4V,0.777,0,0.0122,A,380.0
2026-04-08 19:12:00,P081009,TI6AL4V,0.977,0,0.0098,A,386.4
2026-04-08 19:36:00,P081010,TI6AL4V,0.806,0,0.0137,A,378.6
2026-04-08 20:00:00,P081011,AL7075,0.975,0,0.0071,A,171.4
2026-04-08 20:24:00,P081012,AL7075,0.653,0,0.0101,A,174.3
2026-04-08 20:48:00,P081013,AL7075,1.023,0,0.0083,B,175.1
2026-04-08 21:12:00,P081014,AL7075,1.024,0,0.0067,B,173.6
2026-04-08 21:36:00,P081015,AL7075,1.006,0,0.0091,B,164.2
2026-04-08 22:00:00,P081016,AL7075,0.901,0,0.0081,A,169.3
2026-04-08 22:24:00,P081017,AL7075,0.924,0,0.0069,A,183.2
2026-04-08 22:48:00,P081018,AL7075,1.097,0,0.0124,B,184.5
2026-04-08 23:12:00,P081019,AL7075,1.0,0,0.0135,A,185.9
2026-04-08 23:36:00,P081020,AL7075,0.956,0,0.0147,A,176.6
2026-04-09 00:00:00,P081021,AL7075,0.855,0,0.0104,A,180.4
2026-04-09 00:24:00,P081022,AL7075,0.821,0,0.0055,A,186.7
2026-04-09 00:48:00,P081023,AL7075,0.875,0,0.0163,A,183.0
2026-04-09 01:12:00,P081024,AL7075,0.965,0,0.0112,A,166.4
2026-04-09 01:36:00,P081025,AL7075,1.049,0,0.0163,B,177.1
2026-04-09 04:00:00,P082001,AL7075,0.873,0,0.0058,A,158.2
2026-04-09 04:24:00,P082002,AL7075,0.979,0,0.0157,A,180.7
2026-04-09 04:48:00,P082003,AL7075,1.075,0,0.0127,B,179.3
2026-04-09 05:12:00,P082004,AL7075,0.927,0,0.0154,A,184.7
2026-04-09 05:36:00,P082005,AL7075,1.12,0,0.0083,B,179.6
2026-04-09 06:00:00,P082006,AL7075,1.01,0,0.0176,B,175.3
2026-04-09 06:24:00,P082007,AL7075,1.076,0,0.0158,B,176.6
2026-04-09 06:48:00,P082008,AL7075,1.098,0,0.0109,B,191.1
2026-04-09 07:12:00,P082009,AL7075,0.966,0,0.0182,A,173.0
2026-04-09 07:36:00,P082010,SS304,0.949,0,0.0251,A,242.4
2026-04-09 08:00:00,P082011,SS304,0.88,0,0.0088,A,257.9
2026-04-09 08:24:00,P082012,SS304,0.949,1,0.0149,A,239.9
2026-04-09 08:48:00,P082013,SS304,0.995,0,0.0221,A,253.7
2026-04-09 09:12:00,P082014,SS304,1.002,0,0.0203,B,243.2
2026-04-09 09:36:00,P082015,SS304,1.012,0,0.0219,B,251.7
2026-04-09 10:00:00,P082016,SS304,0.931,0,0.0173,A,243.6
2026-04-09 10:24:00,P082017,SS304,1.002,0,0.0129,B,250.3
2026-04-09 10:48:00,P082018,SS304,1.031,0,0.022,B,238.0
2026-04-09 11:12:00,P082019,SS304,1.069,0,0.0223,B,255.9
2026-04-09 11:36:00,P082020,SS304,0.937,0,0.0266,A,237.9
2026-04-09 12:00:00,P082021,SS304,0.967,0,0.0125,A,252.5
2026-04-09 12:24:00,P082022,SS304,1.016,0,0.0192,B,257.0
2026-04-09 12:48:00,P082023,SS304,0.76,0,0.0172,A,235.8
2026-04-09 13:12:00,P082024,SS304,0.986,0,0.0226,A,248.2
2026-04-09 13:36:00,P082025,SS304,0.685,0,0.0074,A,248.4
2026-04-09 16:00:00,P091001,SS304,0.646,0,0.0116,A,246.0
2026-04-09 16:24:00,P091002,SS304,0.762,0,0.0118,A,253.4
2026-04-09 16:48:00,P091003,SS304,0.621,0,0.0104,A,254.3
2026-04-09 17:12:00,P091004,SS304,0.802,0,0.0112,A,237.8
2026-04-09 17:36:00,P091005,SS304,0.549,0,0.0054,A,249.1
2026-04-09 18:00:00,P091006,TI6AL4V,0.73,0,0.0194,A,393.4
2026-04-09 18:24:00,P091007,TI6AL4V,0.697,1,0.009,A,371.2
2026-04-09 18:48:00,P091008,TI6AL4V,0.795,0,0.0136,A,372.4
2026-04-09 19:12:00,P091009,TI6AL4V,0.816,3,0.0003,B,377.1
2026-04-09 19:36:00,P091010,TI6AL4V,0.797,0,0.0054,A,364.2
2026-04-09 20:00:00,P091011,TI6AL4V,0.818,0,0.0141,A,391.1
2026-04-09 20:24:00,P091012,TI6AL4V,0.904,0,0.0077,A,380.7
2026-04-09 20:48:00,P091013,TI6AL4V,0.982,0,0.0171,A,372.8
2026-04-09 21:12:00,P091014,TI6AL4V,0.798,0,0.0008,A,396.5
2026-04-09 21:36:00,P091015,TI6AL4V,0.78,0,0.0053,A,384.3
2026-04-09 22:00:00,P091016,TI6AL4V,0.741,0,0.0122,A,379.1
2026-04-09 22:24:00,P091017,TI6AL4V,0.906,0,0.0117,A,377.3
2026-04-09 22:48:00,P091018,TI6AL4V,0.908,0,0.0109,A,378.2
2026-04-09 23:12:00,P091019,TI6AL4V,0.707,0,0.0076,A,375.5
2026-04-09 23:36:00,P091020,TI6AL4V,0.955,0,0.0118,A,375.5
2026-04-10 00:00:00,P091021,AL7075,0.825,0,0.0009,A,172.5
2026-04-10 00:24:00,P091022,AL7075,0.801,0,0.0004,A,180.8
2026-04-10 00:48:00,P091023,AL7075,0.78,0,0.0029,A,186.8
2026-04-10 01:12:00,P091024,AL7075,0.735,0,0.0064,A,184.3
2026-04-10 01:36:00,P091025,AL7075,0.774,0,0.0059,A,175.1
2026-04-10 04:00:00,P092001,AL7075,0.88,0,0.0018,A,183.6
2026-04-10 04:24:00,P092002,AL7075,0.625,0,0.0001,A,176.3
2026-04-10 04:48:00,P092003,AL7075,0.743,0,0.0066,A,180.2
2026-04-10 05:12:00,P092004,AL7075,0.865,0,0.0114,A,178.6
2026-04-10 05:36:00,P092005,AL7075,0.914,0,0.0092,A,183.6
2026-04-10 06:00:00,P092006,AL7075,0.876,0,0.0108,A,174.6
2026-04-10 06:24:00,P092007,AL7075,0.992,0,0.0096,A,179.4
2026-04-10 06:48:00,P092008,AL7075,0.791,0,0.0055,A,173.8
2026-04-10 07:12:00,P092009,AL7075,1.045,0,0.0143,B,172.0
2026-04-10 07:36:00,P092010,AL7075,0.983,0,0.0084,A,179.4
2026-04-10 08:00:00,P092011,AL7075,0.934,0,0.0138,A,172.7
2026-04-10 08:24:00,P092012,AL7075,0.748,0,0.0055,A,181.1
2026-04-10 08:48:00,P092013,AL7075,0.912,0,0.0173,A,176.1
2026-04-10 09:12:00,P092014,AL7075,0.959,0,0.0119,A,172.3
2026-04-10 09:36:00,P092015,AL7075,0.879,0,0.0155,A,167.4
2026-04-10 10:00:00,P092016,AL7075,0.918,0,0.0191,A,177.3
2026-04-10 10:24:00,P092017,AL7075,0.824,0,0.0171,A,179.1
2026-04-10 10:48:00,P092018,AL7075,1.005,0,0.007,B,175.0
2026-04-10 11:12:00,P092019,AL7075,1.039,0,0.0189,B,166.9
2026-04-10 11:36:00,P092020,SS304,0.878,0,0.0153,A,253.5
2026-04-10 12:00:00,P092021,SS304,1.019,0,0.0089,B,240.9
2026-04-10 12:24:00,P092022,SS304,0.91,2,0.0199,A,253.6
2026-04-10 12:48:00,P092023,SS304,0.925,0,0.016,A,260.2
2026-04-10 13:12:00,P092024,SS304,0.868,0,0.0069,A,259.3
2026-04-10 13:36:00,P092025,SS304,1.061,0,0.0162,B,247.0
2026-04-10 16:00:00,P101001,SS304,0.996,0,0.0094,A,246.8
2026-04-10 16:24:00,P101002,SS304,1.051,0,0.0134,B,249.9
2026-04-10 16:48:00,P101003,SS304,0.742,0,0.0178,A,257.8
2026-04-10 17:12:00,P101004,SS304,0.799,0,0.0264,A,250.1
2026-04-10 17:36:00,P101005,SS304,0.967,0,0.0158,A,260.3
2026-04-10 18:00:00,P101006,SS304,0.85,0,0.0201,A,246.4
2026-04-10 18:24:00,P101007,SS304,0.92,0,0.0116,A,246.8
2026-04-10 18:48:00,P101008,SS304,0.903,0,0.0217,A,252.9
2026-04-10 19:12:00,P101009,SS304,0.889,0,0.0169,A,257.2
2026-04-10 19:36:00,P101010,SS304,0.933,0,0.0152,A,242.8
2026-04-10 20:00:00,P101011,SS304,0.961,0,0.0152,A,241.4
2026-04-10 20:24:00,P101012,SS304,0.909,0,0.0123,A,246.2
2026-04-10 20:48:00,P101013,SS304,0.895,0,0.0138,A,257.4
2026-04-10 21:12:00,P101014,SS304,0.863,0,0.0182,A,247.3
2026-04-10 21:36:00,P101015,SS304,1.186,0,0.005,B,248.8
2026-04-10 22:00:00,P101016,TI6AL4V,1.037,0,0.0169,B,369.3
2026-04-10 22:24:00,P101017,TI6AL4V,1.057,0,0.0146,B,375.8
2026-04-10 22:48:00,P101018,TI6AL4V,1.123,0,0.0203,B,371.7
2026-04-10 23:12:00,P101019,TI6AL4V,1.095,0,0.0185,B,366.8
2026-04-10 23:36:00,P101020,TI6AL4V,0.952,0,0.0144,A,376.0
2026-04-11 00:00:00,P101021,TI6AL4V,1.04,0,0.0169,B,371.7
2026-04-11 00:24:00,P101022,TI6AL4V,1.017,0,0.0171,B,377.0
2026-04-11 00:48:00,P101023,TI6AL4V,1.024,0,0.0165,B,386.0
2026-04-11 01:12:00,P101024,TI6AL4V,0.971,0,0.0207,A,389.8
2026-04-11 01:36:00,P101025,TI6AL4V,1.086,0,0.0154,B,374.4
2026-04-11 04:00:00,P102001,TI6AL4V,1.172,0,0.0196,B,366.1
2026-04-11 04:24:00,P102002,TI6AL4V,1.167,1,0.0225,B,376.8
2026-04-11 04:48:00,P102003,TI6AL4V,1.002,0,0.0167,B,385.5
2026-04-11 05:12:00,P102004,TI6AL4V,1.072,0,0.0216,B,382.1
2026-04-11 05:36:00,P102005,TI6AL4V,0.903,1,0.0147,A,380.8
2026-04-11 06:00:00,P102006,AL7075,0.725,0,0.0021,A,188.9
2026-04-11 06:24:00,P102007,AL7075,0.764,0,0.0093,A,182.7
2026-04-11 06:48:00,P102008,AL7075,0.622,0,0.0083,A,158.6
2026-04-11 07:12:00,P102009,AL7075,0.753,0,0.0063,A,174.7
2026-04-11 07:36:00,P102010,AL7075,0.786,0,0.0047,A,189.5
2026-04-11 08:00:00,P102011,AL7075,0.836,1,0.0117,A,184.4
2026-04-11 08:24:00,P102012,AL7075,0.67,2,0.0085,A,171.1
2026-04-11 08:48:00,P102013,AL7075,0.802,0,0.0077,A,182.5
2026-04-11 09:12:00,P102014,AL7075,0.814,0,0.0123,A,183.6
2026-04-11 09:36:00,P102015,AL7075,0.805,0,0.0064,A,188.3
2026-04-11 10:00:00,P102016,AL7075,0.653,0,0.0046,A,178.0
2026-04-11 10:24:00,P102017,AL7075,0.796,0,0.0136,A,171.6
2026-04-11 10:48:00,P102018,AL7075,0.611,0,0.0077,A,187.8
2026-04-11 11:12:00,P102019,AL7075,0.83,0,0.0135,A,178.4
2026-04-11 11:36:00,P102020,AL7075,0.798,2,0.0106,A,183.9
2026-04-11 12:00:00,P102021,AL7075,0.875,0,0.0011,A,162.9
2026-04-11 12:24:00,P102022,AL7075,0.981,0,0.0145,A,174.6
2026-04-11 12:48:00,P102023,AL7075,0.781,0,0.0199,A,174.9
2026-04-11 13:12:00,P102024,AL7075,0.62,0,0.0162,A,179.5
2026-04-11 13:36:00,P102025,AL7075,0.936,0,0.0151,A,184.0
2026-04-11 16:00:00,P111001,AL7075,0.844,0,0.0056,A,171.0
2026-04-11 16:24:00,P111002,AL7075,0.906,0,0.0127,A,164.7
2026-04-11 16:48:00,P111003,AL7075,0.852,0,0.0111,A,174.9
2026-04-11 17:12:00,P111004,AL7075,0.741,0,0.0106,A,174.5
2026-04-11 17:36:00,P111005,SS304,0.741,0,0.0163,A,246.7
2026-04-11 18:00:00,P111006,SS304,0.761,0,0.0121,A,247.9
2026-04-11 18:24:00,P111007,SS304,0.8,0,0.0129,A,259.0
2026-04-11 18:48:00,P111008,SS304,0.863,0,0.0127,A,244.3
2026-04-11 19:12:00,P111009,SS304,0.882,0,0.0109,A,254.0
2026-04-11 19:36:00,P111010,SS304,0.883,0,0.0102,A,255.4
2026-04-11 20:00:00,P111011,SS304,0.771,0,0.0088,A,232.4
2026-04-11 20:24:00,P111012,SS304,0.938,0,0.0085,A,257.9
2026-04-11 20:48:00,P111013,SS304,0.825,0,0.0083,A,244.3
2026-04-11 21:12:00,P111014,SS304,0.849,0,0.0137,A,246.6
2026-04-11 21:36:00,P111015,SS304,0.92,0,0.0144,A,254.3
2026-04-11 22:00:00,P111016,SS304,0.884,0,0.0062,A,261.0
2026-04-11 22:24:00,P111017,SS304,1.046,0,0.0169,B,241.3
2026-04-11 22:48:00,P111018,SS304,1.041,0,0.0112,B,255.1
2026-04-11 23:12:00,P111019,SS304,0.828,0,0.0176,A,235.0
2026-04-11 23:36:00,P111020,SS304,0.748,0,0.0101,A,248.7
2026-04-12 00:00:00,P111021,SS304,0.883,0,0.0131,A,255.3
2026-04-12 00:24:00,P111022,SS304,0.902,0,0.0193,A,246.7
2026-04-12 00:48:00,P111023,SS304,0.919,0,0.0106,A,241.2
2026-04-12 01:12:00,P111024,SS304,0.72,0,0.0097,A,238.4
2026-04-12 01:36:00,P111025,SS304,1.009,0,0.0153,B,261.5
2026-04-12 04:00:00,P112001,TI6AL4V,1.005,0,0.0157,B,384.4
2026-04-12 04:24:00,P112002,TI6AL4V,0.983,0,0.0153,A,365.9
2026-04-12 04:48:00,P112003,TI6AL4V,0.884,0,0.0118,A,395.9
2026-04-12 05:12:00,P112004,TI6AL4V,1.025,0,0.014,B,382.6
2026-04-12 05:36:00,P112005,TI6AL4V,1.02,0,0.0181,B,397.6
2026-04-12 06:00:00,P112006,TI6AL4V,1.028,0,0.0177,B,371.7
2026-04-12 06:24:00,P112007,TI6AL4V,0.937,0,0.0159,A,389.3
2026-04-12 06:48:00,P112008,TI6AL4V,1.102,0,0.0226,B,374.7
2026-04-12 07:12:00,P112009,TI6AL4V,1.041,0,0.0254,B,392.9
2026-04-12 07:36:00,P112010,TI6AL4V,1.015,0,0.0253,B,392.7
2026-04-12 08:00:00,P112011,TI6AL4V,0.945,0,0.0197,A,380.0
2026-04-12 08:24:00,P112012,TI6AL4V,0.856,0,0.0205,A,371.6
2026-04-12 08:48:00,P112013,TI6AL4V,1.001,0,0.0222,B,371.7
2026-04-12 09:12:00,P112014,TI6AL4V,1.045,0,0.0306,B,373.0
2026-04-12 09:36:00,P112015,TI6AL4V,1.105,0,0.0282,B,382.2
2026-04-12 10:00:00,P112016,AL7075,1.057,0,0.0211,B,170.8
2026-04-12 10:24:00,P112017,AL7075,1.116,0,0.0227,B,173.5
2026-04-12 10:48:00,P112018,AL7075,1.011,0,0.023,B,176.6
2026-04-12 11:12:00,P112019,AL7075,0.846,0,0.0177,A,182.7
2026-04-12 11:36:00,P112020,AL7075,0.912,0,0.0195,A,177.2
2026-04-12 12:00:00,P112021,AL7075,1.031,0,0.0163,B,175.5
2026-04-12 12:24:00,P112022,AL7075,0.913,0,0.0144,A,163.9
2026-04-12 12:48:00,P112023,AL7075,1.051,0,0.0205,B,169.5
2026-04-12 13:12:00,P112024,AL7075,0.923,0,0.024,A,175.3
2026-04-12 13:36:00,P112025,AL7075,1.033,0,0.0209,B,178.9
2026-04-12 16:00:00,P121001,AL7075,1.095,0,0.0225,B,167.8
2026-04-12 16:24:00,P121002,AL7075,1.073,0,0.0185,B,157.5
2026-04-12 16:48:00,P121003,AL7075,0.98,0,0.014,A,183.3
2026-04-12 17:12:00,P121004,AL7075,1.013,0,0.0277,B,199.7
2026-04-12 17:36:00,P121005,AL7075,1.086,0,0.0197,B,177.0
2026-04-12 18:00:00,P121006,AL7075,1.124,0,0.0137,B,195.2
2026-04-12 18:24:00,P121007,AL7075,1.009,0,0.0119,B,167.6
2026-04-12 18:48:00,P121008,AL7075,1.032,0,0.0233,B,165.6
2026-04-12 19:12:00,P121009,AL7075,1.161,0,0.0128,B,172.5
2026-04-12 19:36:00,P121010,AL7075,0.686,0,0.0095,A,183.0
2026-04-12 20:00:00,P121011,AL7075,0.756,1,0.0063,A,177.7
2026-04-12 20:24:00,P121012,AL7075,0.911,0,0.0083,A,176.3
2026-04-12 20:48:00,P121013,AL7075,0.73,0,0.0085,A,173.9
2026-04-12 21:12:00,P121014,AL7075,0.777,0,0.0072,A,176.0
2026-04-12 21:36:00,P121015,SS304,0.769,0,0.0087,A,259.3
2026-04-12 22:00:00,P121016,SS304,0.773,0,0.008,A,270.9
2026-04-12 22:24:00,P121017,SS304,0.652,0,0.0038,A,247.4
2026-04-12 22:48:00,P121018,SS304,0.752,0,0.0046,A,248.6
2026-04-12 23:12:00,P121019,SS304,0.73,0,0.0077,A,248.2
2026-04-12 23:36:00,P121020,SS304,0.716,0,0.0114,A,261.7
2026-04-13 00:00:00,P121021,SS304,0.701,0,0.0025,A,254.4
2026-04-13 00:24:00,P121022,SS304,0.648,0,0.0143,A,242.8
2026-04-13 00:48:00,P121023,SS304,0.656,0,0.0087,A,253.8
2026-04-13 01:12:00,P121024,SS304,0.613,0,0.0043,A,246.1
2026-04-13 01:36:00,P121025,SS304,0.683,0,0.0063,A,254.3
2026-04-13 04:00:00,P122001,SS304,0.829,0,0.0069,A,254.8
2026-04-13 04:24:00,P122002,SS304,0.536,0,0.0134,A,247.7
2026-04-13 04:48:00,P122003,SS304,0.885,0,0.0055,A,238.9
2026-04-13 05:12:00,P122004,SS304,0.877,0,0.0189,A,247.0
2026-04-13 05:36:00,P122005,SS304,0.803,0,0.0171,A,236.3
2026-04-13 06:00:00,P122006,SS304,0.863,0,0.0153,A,249.8
2026-04-13 06:24:00,P122007,SS304,0.924,0,0.018,A,254.6
2026-04-13 06:48:00,P122008,SS304,0.835,0,0.0213,A,257.8
2026-04-13 07:12:00,P122009,SS304,0.73,0,0.0049,A,262.0
2026-04-13 07:36:00,P122010,SS304,0.932,0,0.0119,A,257.6
2026-04-13 08:00:00,P122011,TI6AL4V,0.813,0,0.0167,A,377.7
2026-04-13 08:24:00,P122012,TI6AL4V,0.943,0,0.0146,A,373.6
2026-04-13 08:48:00,P122013,TI6AL4V,0.874,0,0.0118,A,377.9
2026-04-13 09:12:00,P122014,TI6AL4V,0.99,0,0.0193,A,389.3
2026-04-13 09:36:00,P122015,TI6AL4V,0.843,0,0.01,A,364.5
2026-04-13 10:00:00,P122016,TI6AL4V,0.91,0,0.0168,A,372.4
2026-04-13 10:24:00,P122017,TI6AL4V,0.86,0,0.0176,A,374.1
2026-04-13 10:48:00,P122018,TI6AL4V,0.933,0,0.0237,A,376.9
2026-04-13 11:12:00,P122019,TI6AL4V,0.849,0,0.0167,A,379.1
2026-04-13 11:36:00,P122020,TI6AL4V,0.965,0,0.0217,A,381.1
2026-04-13 12:00:00,P122021,TI6AL4V,0.991,0,0.0269,A,380.6
2026-04-13 12:24:00,P122022,TI6AL4V,1.027,0,0.0204,B,385.1
2026-04-13 12:48:00,P122023,TI6AL4V,0.903,0,0.0205,A,376.2
2026-04-13 13:12:00,P122024,TI6AL4V,1.012,0,0.0263,B,372.1
2026-04-13 13:36:00,P122025,TI6AL4V,1.142,0,0.0193,B,371.6
2026-04-13 16:00:00,P131001,AL7075,0.967,0,0.0103,A,173.4
2026-04-13 16:24:00,P131002,AL7075,0.87,0,0.0129,A,184.1
2026-04-13 16:48:00,P131003,AL7075,0.719,0,0.0217,A,192.5
2026-04-13 17:12:00,P131004,AL7075,0.907,0,0.0225,A,172.9
2026-04-13 17:36:00,P131005,AL7075,0.988,0,0.0147,A,164.4
2026-04-13 18:00:00,P131006,AL7075,0.99,0,0.0248,A,178.1
2026-04-13 18:24:00,P131007,AL7075,0.902,0,0.0134,A,177.5
2026-04-13 18:48:00,P131008,AL7075,0.929,0,0.0167,A,177.1
2026-04-13 19:12:00,P131009,AL7075,0.883,0,0.0169,A,173.4
2026-04-13 19:36:00,P131010,AL7075,1.046,0,0.0145,B,165.0
2026-04-13 20:00:00,P131011,AL7075,0.962,0,0.0202,A,184.3
2026-04-13 20:24:00,P131012,AL7075,0.763,0,0.0171,A,175.7
2026-04-13 20:48:00,P131013,AL7075,0.891,0,0.0141,A,180.9
2026-04-13 21:12:00,P131014,AL7075,0.981,0,0.0167,A,168.2
2026-04-13 21:36:00,P131015,AL7075,0.948,0,0.0149,A,187.7
2026-04-13 22:00:00,P131016,AL7075,0.885,0,0.0102,A,170.2
2026-04-13 22:24:00,P131017,AL7075,0.919,0,0.02,A,181.1
2026-04-13 22:48:00,P131018,AL7075,0.869,0,0.0097,A,183.5
2026-04-13 23:12:00,P131019,AL7075,0.962,0,0.0191,A,176.9
2026-04-13 23:36:00,P131020,AL7075,1.006,0,0.0194,B,171.4
2026-04-14 00:00:00,P131021,AL7075,1.064,0,0.0144,B,164.1
2026-04-14 00:24:00,P131022,AL7075,0.99,0,0.02,A,176.5
2026-04-14 00:48:00,P131023,AL7075,1.028,0,0.0235,B,179.2
2026-04-14 01:12:00,P131024,AL7075,1.064,0,0.0059,B,178.4
2026-04-14 01:36:00,P131025,SS304,1.03,0,0.0187,B,236.9
2026-04-14 04:00:00,P132001,SS304,0.863,0,0.021,A,259.1
2026-04-14 04:24:00,P132002,SS304,0.909,0,0.0163,A,262.7
2026-04-14 04:48:00,P132003,SS304,1.178,0,0.0248,B,259.2
2026-04-14 05:12:00,P132004,SS304,1.022,0,0.0207,B,234.2
2026-04-14 05:36:00,P132005,SS304,0.917,0,0.0257,A,238.8
2026-04-14 06:00:00,P132006,SS304,1.037,0,0.0227,B,257.2
2026-04-14 06:24:00,P132007,SS304,0.962,0,0.0187,A,261.0
2026-04-14 06:48:00,P132008,SS304,1.044,0,0.0294,B,245.3
2026-04-14 07:12:00,P132009,SS304,0.984,0,0.0294,A,251.2
2026-04-14 07:36:00,P132010,SS304,0.999,0,0.0202,A,249.0
2026-04-14 08:00:00,P132011,SS304,1.065,0,0.0171,B,257.1
2026-04-14 08:24:00,P132012,SS304,1.047,0,0.0221,B,252.4
2026-04-14 08:48:00,P132013,SS304,0.941,0,0.0257,A,255.3
2026-04-14 09:12:00,P132014,SS304,1.21,0,0.0255,B,247.6
2026-04-14 09:36:00,P132015,SS304,0.664,0,0.0105,A,259.5
2026-04-14 10:00:00,P132016,SS304,0.712,0,0.013,A,255.5
2026-04-14 10:24:00,P132017,SS304,0.793,0,0.0099,A,252.7
2026-04-14 10:48:00,P132018,SS304,0.688,0,0.0087,A,255.8
2026-04-14 11:12:00,P132019,SS304,0.81,0,0.0136,A,244.7
2026-04-14 11:36:00,P132020,SS304,0.639,0,0.0095,A,239.1
2026-04-14 12:00:00,P132021,TI6AL4V,0.885,0,0.0163,A,376.9
2026-04-14 12:24:00,P132022,TI6AL4V,0.764,0,0.0211,A,382.4
2026-04-14 12:48:00,P132023,TI6AL4V,0.854,0,0.0151,A,373.4
2026-04-14 13:12:00,P132024,TI6AL4V,0.852,0,0.0144,A,385.1
2026-04-14 13:36:00,P132025,TI6AL4V,0.91,0,0.0155,A,378.8
2026-04-14 16:00:00,P141001,TI6AL4V,0.932,0,0.0228,A,388.4
2026-04-14 16:24:00,P141002,TI6AL4V,0.933,3,0.0249,B,383.4
2026-04-14 16:48:00,P141003,TI6AL4V,0.868,0,0.0263,A,374.9
2026-04-14 17:12:00,P141004,TI6AL4V,0.884,0,0.0217,A,379.8
2026-04-14 17:36:00,P141005,TI6AL4V,0.682,0,0.0228,A,379.0
2026-04-14 18:00:00,P141006,TI6AL4V,0.831,0,0.0206,A,374.8
2026-04-14 18:24:00,P141007,TI6AL4V,0.823,0,0.0274,A,378.8
2026-04-14 18:48:00,P141008,TI6AL4V,1.002,1,0.0207,B,386.1
2026-04-14 19:12:00,P141009,TI6AL4V,0.847,0,0.0209,A,378.7
2026-04-14 19:36:00,P141010,TI6AL4V,0.817,0,0.0229,A,391.3
2026-04-14 20:00:00,P141011,AL7075,0.853,0,0.0102,A,167.8
2026-04-14 20:24:00,P141012,AL7075,0.877,0,0.0126,A,179.8
2026-04-14 20:48:00,P141013,AL7075,0.767,0,0.0161,A,175.6
2026-04-14 21:12:00,P141014,AL7075,0.826,0,0.0037,A,172.2
2026-04-14 21:36:00,P141015,AL7075,0.775,0,0.0138,A,165.0
2026-04-14 22:00:00,P141016,AL7075,0.9,0,0.0156,A,142.6
2026-04-14 22:24:00,P141017,AL7075,1.007,0,0.016,B,180.6
2026-04-14 22:48:00,P141018,AL7075,0.943,0,0.0065,A,170.2
2026-04-14 23:12:00,P141019,AL7075,0.939,0,0.0098,A,161.5
2026-04-14 23:36:00,P141020,AL7075,0.899,0,0.0115,A,182.8
2026-04-15 00:00:00,P141021,AL7075,0.91,0,0.0157,A,166.3
2026-04-15 00:24:00,P141022,AL7075,0.938,0,0.0042,A,179.4
2026-04-15 00:48:00,P141023,AL7075,1.042,0,0.0188,B,186.5
2026-04-15 01:12:00,P141024,AL7075,0.976,0,0.0103,A,166.2
2026-04-15 01:36:00,P141025,AL7075,0.86,0,0.0171,A,176.0
2026-04-15 04:00:00,P142001,AL7075,0.945,0,0.0176,A,175.6
2026-04-15 04:24:00,P142002,AL7075,0.775,0,0.0139,A,182.0
2026-04-15 04:48:00,P142003,AL7075,0.972,0,0.0156,A,187.4
2026-04-15 05:12:00,P142004,AL7075,0.836,0,0.0156,A,172.3
2026-04-15 05:36:00,P142005,AL7075,1.088,0,0.0106,B,178.4
2026-04-15 06:00:00,P142006,AL7075,1.013,0,0.02,B,178.4
2026-04-15 06:24:00,P142007,AL7075,0.802,0,0.0183,A,171.6
2026-04-15 06:48:00,P142008,AL7075,0.836,0,0.0206,A,177.0
2026-04-15 07:12:00,P142009,AL7075,0.935,0,0.0203,A,177.8
2026-04-15 07:36:00,P142010,SS304,0.887,0,0.0223,A,251.0
2026-04-15 08:00:00,P142011,SS304,0.822,0,0.0147,A,246.8
2026-04-15 08:24:00,P142012,SS304,0.925,0,0.0216,A,251.4
2026-04-15 08:48:00,P142013,SS304,0.99,1,0.0239,A,258.5
2026-04-15 09:12:00,P142014,SS304,0.883,0,0.0249,A,252.4
2026-04-15 09:36:00,P142015,SS304,0.979,0,0.0206,A,244.7
2026-04-15 10:00:00,P142016,SS304,0.913,0,0.0227,A,248.8
2026-04-15 10:24:00,P142017,SS304,0.962,0,0.0243,A,267.7
2026-04-15 10:48:00,P142018,SS304,0.897,0,0.0189,A,249.6
2026-04-15 11:12:00,P142019,SS304,0.994,0,0.022,A,250.4
2026-04-15 11:36:00,P142020,SS304,0.984,0,0.0239,A,257.2
2026-04-15 12:00:00,P142021,SS304,0.931,0,0.0255,A,252.5
2026-04-15 12:24:00,P142022,SS304,0.925,0,0.0244,A,245.2
2026-04-15 12:48:00,P142023,SS304,0.856,0,0.0244,A,255.2
2026-04-15 13:12:00,P142024,SS304,0.857,0,0.0278,A,259.3
2026-04-15 13:36:00,P142025,SS304,0.798,0,0.0253,A,239.8
2026-04-15 16:00:00,P151001,SS304,1.086,0,0.0247,B,243.9
2026-04-15 16:24:00,P151002,SS304,1.057,0,0.0211,B,254.6
2026-04-15 16:48:00,P151003,SS304,0.892,0,0.0234,A,248.4
2026-04-15 17:12:00,P151004,SS304,1.223,0,0.0272,B,259.5
2026-04-15 17:36:00,P151005,SS304,1.039,0,0.0268,B,259.4
2026-04-15 18:00:00,P151006,TI6AL4V,1.116,0,0.0315,B,382.2
2026-04-15 18:24:00,P151007,TI6AL4V,1.022,2,0.0215,B,390.8
2026-04-15 18:48:00,P151008,TI6AL4V,1.015,0,0.028,B,370.2
2026-04-15 19:12:00,P151009,TI6AL4V,1.084,0,0.0352,B,371.3
2026-04-15 19:36:00,P151010,TI6AL4V,1.089,0,0.0301,B,375.7
2026-04-15 20:00:00,P151011,TI6AL4V,1.03,0,0.0241,B,385.1
2026-04-15 20:24:00,P151012,TI6AL4V,1.117,0,0.0292,B,366.6
2026-04-15 20:48:00,P151013,TI6AL4V,0.993,0,0.0288,A,379.6
2026-04-15 21:12:00,P151014,TI6AL4V,1.171,0,0.0323,B,384.9
2026-04-15 21:36:00,P151015,TI6AL4V,1.148,0,0.0269,B,387.3
2026-04-15 22:00:00,P151016,TI6AL4V,1.062,0,0.0256,B,386.4
2026-04-15 22:24:00,P151017,TI6AL4V,1.087,0,0.032,B,378.8
2026-04-15 22:48:00,P151018,TI6AL4V,1.173,0,0.0247,B,392.0
2026-04-15 23:12:00,P151019,TI6AL4V,1.295,2,0.03,B,374.0
2026-04-15 23:36:00,P151020,TI6AL4V,0.802,0,0.0146,A,366.6
2026-04-16 00:00:00,P151021,AL7075,0.825,0,0.0102,A,186.0
2026-04-16 00:24:00,P151022,AL7075,1.055,0,0.0101,B,175.1
2026-04-16 00:48:00,P151023,AL7075,0.949,0,0.0093,A,162.3
2026-04-16 01:12:00,P151024,AL7075,0.863,0,0.0124,A,167.4
2026-04-16 01:36:00,P151025,AL7075,0.874,0,0.0167,A,185.8
2026-04-16 04:00:00,P152001,AL7075,0.697,0,0.013,A,172.4
2026-04-16 04:24:00,P152002,AL7075,0.745,0,0.0109,A,176.1
2026-04-16 04:48:00,P152003,AL7075,0.779,0,0.0099,A,183.1
2026-04-16 05:12:00,P152004,AL7075,0.811,0,0.0119,A,180.5
2026-04-16 05:36:00,P152005,AL7075,0.771,0,0.0174,A,170.1
2026-04-16 06:00:00,P152006,AL7075,0.782,0,0.0187,A,183.9
2026-04-16 06:24:00,P152007,AL7075,0.828,0,0.0187,A,178.9
2026-04-16 06:48:00,P152008,AL7075,0.759,0,0.0213,A,184.7
2026-04-16 07:12:00,P152009,AL7075,0.779,0,0.0263,A,178.3
2026-04-16 07:36:00,P152010,AL7075,0.722,0,0.0221,A,169.8
2026-04-16 08:00:00,P152011,AL7075,0.755,0,0.023,A,173.5
2026-04-16 08:24:00,P152012,AL7075,0.723,0,0.0173,A,171.0
2026-04-16 08:48:00,P152013,AL7075,0.914,0,0.0171,A,166.8
2026-04-16 09:12:00,P152014,AL7075,1.092,0,0.0138,B,178.0
2026-04-16 09:36:00,P152015,AL7075,0.977,0,0.0171,A,176.0
2026-04-16 10:00:00,P152016,AL7075,0.822,0,0.0174,A,178.1
2026-04-16 10:24:00,P152017,AL7075,0.767,0,0.0137,A,166.8
2026-04-16 10:48:00,P152018,AL7075,0.939,0,0.0165,A,181.4
2026-04-16 11:12:00,P152019,AL7075,0.999,3,0.0275,B,179.2
2026-04-16 11:36:00,P152020,SS304,0.925,0,0.0141,A,251.2
2026-04-16 12:00:00,P152021,SS304,0.832,0,0.0163,A,255.1
2026-04-16 12:24:00,P152022,SS304,0.923,0,0.0216,A,249.7
2026-04-16 12:48:00,P152023,SS304,0.884,0,0.0263,A,253.1
2026-04-16 13:12:00,P152024,SS304,0.869,0,0.023,A,238.9
2026-04-16 13:36:00,P152025,SS304,0.863,0,0.0283,A,242.3
2026-04-16 16:00:00,P161001,SS304,0.973,0,0.0249,A,256.5
2026-04-16 16:24:00,P161002,SS304,0.878,0,0.0312,A,254.0
2026-04-16 16:48:00,P161003,SS304,0.849,0,0.0261,A,234.0
2026-04-16 17:12:00,P161004,SS304,0.85,0,0.0288,A,270.6
2026-04-16 17:36:00,P161005,SS304,0.816,0,0.0196,A,264.1
2026-04-16 18:00:00,P161006,SS304,0.851,0,0.0263,A,248.8
2026-04-16 18:24:00,P161007,SS304,1.039,0,0.0307,B,247.1
2026-04-16 18:48:00,P161008,SS304,0.988,0,0.0244,A,258.4
2026-04-16 19:12:00,P161009,SS304,0.994,0,0.0315,A,253.2
2026-04-16 19:36:00,P161010,SS304,0.83,0,0.0251,A,251.4
2026-04-16 20:00:00,P161011,SS304,0.915,0,0.0253,A,246.1
2026-04-16 20:24:00,P161012,SS304,1.048,0,0.0277,B,259.3
2026-04-16 20:48:00,P161013,SS304,0.832,0,0.0326,A,248.0
2026-04-16 21:12:00,P161014,SS304,0.887,2,0.0295,A,252.0
2026-04-16 21:36:00,P161015,SS304,0.923,0,0.0292,A,256.6
2026-04-16 22:00:00,P161016,TI6AL4V,1.013,0,0.0289,B,365.3
2026-04-16 22:24:00,P161017,TI6AL4V,0.974,0,0.028,A,390.2
2026-04-16 22:48:00,P161018,TI6AL4V,1.097,0,0.022,B,375.5
2026-04-16 23:12:00,P161019,TI6AL4V,1.197,0,0.0335,B,383.7
2026-04-16 23:36:00,P161020,TI6AL4V,1.137,0,0.0316,B,380.7
2026-04-17 00:00:00,P161021,TI6AL4V,1.054,0,0.0322,B,381.9
2026-04-17 00:24:00,P161022,TI6AL4V,1.168,0,0.0351,B,372.6
2026-04-17 00:48:00,P161023,TI6AL4V,1.068,0,0.0293,B,369.9
2026-04-17 01:12:00,P161024,TI6AL4V,1.119,0,0.0352,B,379.0
2026-04-17 01:36:00,P161025,TI6AL4V,1.092,0,0.0328,B,379.4
2026-04-17 04:00:00,P162001,TI6AL4V,1.028,0,0.019,B,373.6
2026-04-17 04:24:00,P162002,TI6AL4V,1.061,0,0.0347,B,377.9
2026-04-17 04:48:00,P162003,TI6AL4V,1.072,0,0.0337,B,383.4
2026-04-17 05:12:00,P162004,TI6AL4V,1.093,0,0.0277,B,385.9
2026-04-17 05:36:00,P162005,TI6AL4V,1.135,0,0.0298,B,373.4
2026-04-17 06:00:00,P162006,AL7075,1.174,0,0.0278,B,161.2
2026-04-17 06:24:00,P162007,AL7075,1.186,0,0.0261,B,172.3
2026-04-17 06:48:00,P162008,AL7075,1.07,0,0.0292,B,176.0
2026-04-17 07:12:00,P162009,AL7075,1.116,0,0.0224,B,173.8
2026-04-17 07:36:00,P162010,AL7075,1.069,0,0.0235,B,186.7
2026-04-17 08:00:00,P162011,AL7075,1.105,0,0.0261,B,176.2
2026-04-17 08:24:00,P162012,AL7075,1.155,0,0.0315,B,175.3
2026-04-17 08:48:00,P162013,AL7075,1.094,0,0.0271,B,174.9
2026-04-17 09:12:00,P162014,AL7075,0.978,0,0.0286,A,167.7
2026-04-17 09:36:00,P162015,AL7075,1.108,0,0.0333,B,186.7
2026-04-17 10:00:00,P162016,AL7075,1.205,0,0.0343,B,174.8
2026-04-17 10:24:00,P162017,AL7075,1.107,0,0.0295,B,165.2
2026-04-17 10:48:00,P162018,AL7075,0.984,0,0.0322,A,168.1
2026-04-17 11:12:00,P162019,AL7075,1.061,0,0.0367,B,173.0
2026-04-17 11:36:00,P162020,AL7075,1.182,0,0.0293,B,173.6
2026-04-17 12:00:00,P162021,AL7075,1.016,0,0.0308,B,170.9
2026-04-17 12:24:00,P162022,AL7075,1.114,0,0.0336,B,172.8
2026-04-17 12:48:00,P162023,AL7075,1.299,0,0.0441,B,180.2
2026-04-17 13:12:00,P162024,AL7075,1.143,0,0.0284,B,168.6
2026-04-17 13:36:00,P162025,AL7075,0.749,0,0.0155,A,177.9
2026-04-17 16:00:00,P171001,AL7075,0.799,0,0.0213,A,183.9
2026-04-17 16:24:00,P171002,AL7075,0.991,0,0.0265,A,170.0
2026-04-17 16:48:00,P171003,AL7075,0.746,0,0.0263,A,180.7
2026-04-17 17:12:00,P171004,AL7075,1.023,0,0.0296,B,189.8
2026-04-17 17:36:00,P171005,SS304,0.734,0,0.0279,A,251.7
2026-04-17 18:00:00,P171006,SS304,0.739,0,0.0398,A,237.6
2026-04-17 18:24:00,P171007,SS304,0.965,0,0.0271,A,247.5
2026-04-17 18:48:00,P171008,SS304,0.741,0,0.0267,A,247.1
2026-04-17 19:12:00,P171009,SS304,0.86,0,0.0301,A,246.7
2026-04-17 19:36:00,P171010,SS304,0.914,0,0.026,A,260.8
2026-04-17 20:00:00,P171011,SS304,0.702,2,0.0339,A,245.4
2026-04-17 20:24:00,P171012,SS304,0.941,0,0.0259,A,258.8
2026-04-17 20:48:00,P171013,SS304,0.856,0,0.0217,A,264.7
2026-04-17 21:12:00,P171014,SS304,0.863,0,0.0297,A,252.4
2026-04-17 21:36:00,P171015,SS304,0.906,0,0.0243,A,256.1
2026-04-17 22:00:00,P171016,SS304,0.864,0,0.0219,A,264.9
2026-04-17 22:24:00,P171017,SS304,1.033,0,0.0272,B,257.7
2026-04-17 22:48:00,P171018,SS304,0.893,2,0.0321,A,235.7
2026-04-17 23:12:00,P171019,SS304,0.921,0,0.0354,A,244.9
2026-04-17 23:36:00,P171020,SS304,0.963,0,0.0271,A,257.4
2026-04-18 00:00:00,P171021,SS304,0.922,0,0.0378,A,254.1
2026-04-18 00:24:00,P171022,SS304,0.964,0,0.0329,A,237.8
2026-04-18 00:48:00,P171023,SS304,0.959,0,0.0314,A,254.4
2026-04-18 01:12:00,P171024,SS304,1.075,0,0.0398,B,253.9
2026-04-18 01:36:00,P171025,SS304,0.98,0,0.0356,A,255.1
2026-04-18 04:00:00,P172001,TI6AL4V,1.039,0,0.0362,B,373.5
2026-04-18 04:24:00,P172002,TI6AL4V,1.205,0,0.0357,B,366.4
2026-04-18 04:48:00,P172003,TI6AL4V,0.974,0,0.0331,A,387.0
2026-04-18 05:12:00,P172004,TI6AL4V,1.116,0,0.0253,B,380.7
2026-04-18 05:36:00,P172005,TI6AL4V,0.991,0,0.026,A,375.2
2026-04-18 06:00:00,P172006,TI6AL4V,1.059,0,0.0316,B,370.7
2026-04-18 06:24:00,P172007,TI6AL4V,1.138,0,0.0372,B,389.1
2026-04-18 06:48:00,P172008,TI6AL4V,1.057,0,0.0387,B,383.8
2026-04-18 07:12:00,P172009,TI6AL4V,1.024,0,0.0295,B,389.4
2026-04-18 07:36:00,P172010,TI6AL4V,0.859,0,0.0435,A,383.8
2026-04-18 08:00:00,P172011,TI6AL4V,1.078,0,0.0369,B,385.0
2026-04-18 08:24:00,P172012,TI6AL4V,1.212,0,0.0321,B,372.5
2026-04-18 08:48:00,P172013,TI6AL4V,1.049,0,0.0404,B,385.4
2026-04-18 09:12:00,P172014,TI6AL4V,0.997,0,0.0337,A,388.9
2026-04-18 09:36:00,P172015,TI6AL4V,0.908,0,0.0394,A,383.9
2026-04-18 10:00:00,P172016,AL7075,1.041,0,0.0303,B,170.1
2026-04-18 10:24:00,P172017,AL7075,1.032,0,0.0278,B,163.7
2026-04-18 10:48:00,P172018,AL7075,1.13,0,0.0301,B,170.8
2026-04-18 11:12:00,P172019,AL7075,1.016,0,0.0293,B,174.2
2026-04-18 11:36:00,P172020,AL7075,1.111,0,0.0345,B,167.1
2026-04-18 12:00:00,P172021,AL7075,1.114,0,0.0269,B,174.2
2026-04-18 12:24:00,P172022,AL7075,1.004,0,0.0309,B,186.4
2026-04-18 12:48:00,P172023,AL7075,0.938,0,0.0315,A,171.1
2026-04-18 13:12:00,P172024,AL7075,1.131,0,0.0351,B,189.7
2026-04-18 13:36:00,P172025,AL7075,1.068,0,0.0404,B,188.4
2026-04-18 16:00:00,P181001,AL7075,1.246,0,0.0458,B,179.4
2026-04-18 16:24:00,P181002,AL7075,1.166,0,0.0496,B,174.9
2026-04-18 16:48:00,P181003,AL7075,1.267,0,0.0509,B,169.4
2026-04-18 17:12:00,P181004,AL7075,1.341,0,0.0494,B,164.1
2026-04-18 17:36:00,P181005,AL7075,1.329,0,0.0407,B,171.4
2026-04-18 18:00:00,P181006,AL7075,1.159,0,0.0386,B,183.4
2026-04-18 18:24:00,P181007,AL7075,1.252,0,0.0417,B,161.9
2026-04-18 18:48:00,P181008,AL7075,1.255,0,0.0447,B,173.3
2026-04-18 19:12:00,P181009,AL7075,1.18,0,0.0424,B,168.5
2026-04-18 19:36:00,P181010,AL7075,1.312,0,0.0489,B,177.8
2026-04-18 20:00:00,P181011,AL7075,1.408,0,0.0457,B,183.1
2026-04-18 20:24:00,P181012,AL7075,1.259,0,0.0449,B,182.3
2026-04-18 20:48:00,P181013,AL7075,1.301,0,0.0445,B,167.6
2026-04-18 21:12:00,P181014,AL7075,1.459,0,0.0466,B,188.2
2026-04-18 21:36:00,P181015,SS304,1.174,0,0.0457,B,239.4
2026-04-18 22:00:00,P181016,SS304,1.162,0,0.0547,B,246.8
2026-04-18 22:24:00,P181017,SS304,1.348,0,0.0443,B,248.3
2026-04-18 22:48:00,P181018,SS304,1.138,0,0.0382,B,251.2
2026-04-18 23:12:00,P181019,SS304,1.166,0,0.0485,B,240.8
2026-04-18 23:36:00,P181020,SS304,1.145,0,0.0331,B,244.9
2026-04-19 00:00:00,P181021,SS304,1.319,0,0.0483,B,248.5
2026-04-19 00:24:00,P181022,SS304,1.154,0,0.0404,B,238.4
2026-04-19 00:48:00,P181023,SS304,1.287,0,0.0483,B,249.4
2026-04-19 01:12:00,P181024,SS304,1.286,0,0.0417,B,255.1
2026-04-19 01:36:00,P181025,SS304,1.232,0,0.0494,B,239.6
2026-04-19 04:00:00,P182001,SS304,1.322,0,0.0491,B,249.7
2026-04-19 04:24:00,P182002,SS304,1.201,0,0.046,B,253.6
2026-04-19 04:48:00,P182003,SS304,1.322,0,0.0449,B,253.6
2026-04-19 05:12:00,P182004,SS304,1.445,0,0.0478,B,246.2
2026-04-19 05:36:00,P182005,SS304,0.858,0,0.0317,A,248.1
2026-04-19 06:00:00,P182006,SS304,0.933,0,0.0308,A,244.0
2026-04-19 06:24:00,P182007,SS304,0.708,0,0.0293,A,245.5
2026-04-19 06:48:00,P182008,SS304,0.862,3,0.029,B,240.3
2026-04-19 07:12:00,P182009,SS304,0.948,0,0.0467,A,259.5
2026-04-19 07:36:00,P182010,SS304,0.921,0,0.042,A,245.9
2026-04-19 08:00:00,P182011,TI6AL4V,1.135,0,0.0502,B,368.9
2026-04-19 08:24:00,P182012,TI6AL4V,0.996,0,0.0431,A,389.1
2026-04-19 08:48:00,P182013,TI6AL4V,1.039,0,0.0384,B,373.0
2026-04-19 09:12:00,P182014,TI6AL4V,1.073,0,0.0386,B,369.7
2026-04-19 09:36:00,P182015,TI6AL4V,1.137,0,0.0437,B,382.9
2026-04-19 10:00:00,P182016,TI6AL4V,1.156,0,0.041,B,380.9
2026-04-19 10:24:00,P182017,TI6AL4V,1.15,0,0.0498,B,364.0
2026-04-19 10:48:00,P182018,TI6AL4V,1.298,0,0.0476,B,381.7
2026-04-19 11:12:00,P182019,TI6AL4V,0.995,0,0.0445,A,387.1
2026-04-19 11:36:00,P182020,TI6AL4V,1.015,0,0.0481,B,378.9
2026-04-19 12:00:00,P182021,TI6AL4V,1.124,0,0.0464,B,384.7
2026-04-19 12:24:00,P182022,TI6AL4V,1.05,0,0.0377,B,379.8
2026-04-19 12:48:00,P182023,TI6AL4V,1.211,0,0.0416,B,378.4
2026-04-19 13:12:00,P182024,TI6AL4V,1.177,0,0.0439,B,379.9
2026-04-19 13:36:00,P182025,TI6AL4V,1.22,0,0.0539,B,378.4
2026-04-19 16:00:00,P191001,AL7075,1.15,0,0.0437,B,167.2
2026-04-19 16:24:00,P191002,AL7075,1.273,0,0.0528,B,156.8
2026-04-19 16:48:00,P191003,AL7075,1.306,0,0.0485,B,192.1
2026-04-19 17:12:00,P191004,AL7075,1.147,0,0.0432,B,182.7
2026-04-19 17:36:00,P191005,AL7075,1.197,0,0.0536,B,185.5
2026-04-19 18:00:00,P191006,AL7075,1.297,0,0.048,B,187.2
2026-04-19 18:24:00,P191007,AL7075,1.162,0,0.0487,B,184.4
2026-04-19 18:48:00,P191008,AL7075,1.314,0,0.0514,B,172.4
2026-04-19 19:12:00,P191009,AL7075,1.376,0,0.0524,B,162.9
2026-04-19 19:36:00,P191010,AL7075,1.211,0,0.0442,B,178.2
2026-04-19 20:00:00,P191011,AL7075,1.231,0,0.0514,B,161.2
2026-04-19 20:24:00,P191012,AL7075,1.25,0,0.0532,B,178.9
2026-04-19 20:48:00,P191013,AL7075,1.337,0,0.0474,B,163.1
2026-04-19 21:12:00,P191014,AL7075,1.339,0,0.0554,B,179.9
2026-04-19 21:36:00,P191015,AL7075,1.397,0,0.0486,B,177.1
2026-04-19 22:00:00,P191016,AL7075,1.266,0,0.0446,B,182.1
2026-04-19 22:24:00,P191017,AL7075,1.306,0,0.0362,B,181.9
2026-04-19 22:48:00,P191018,AL7075,1.169,0,0.0465,B,174.5
2026-04-19 23:12:00,P191019,AL7075,1.361,0,0.0428,B,169.5
2026-04-19 23:36:00,P191020,AL7075,1.23,0,0.0483,B,163.2
2026-04-20 00:00:00,P191021,AL7075,1.22,0,0.0503,B,187.7
2026-04-20 00:24:00,P191022,AL7075,1.412,0,0.0486,B,189.1
2026-04-20 00:48:00,P191023,AL7075,1.237,0,0.0478,B,167.9
2026-04-20 01:12:00,P191024,AL7075,1.407,0,0.0477,B,167.6
2026-04-20 01:36:00,P191025,SS304,1.249,0,0.057,B,234.5
2026-04-20 04:00:00,P192001,SS304,1.064,0,0.0541,B,248.5
2026-04-20 04:24:00,P192002,SS304,1.292,0,0.0436,B,246.0
2026-04-20 04:48:00,P192003,SS304,1.384,0,0.052,B,250.8
2026-04-20 05:12:00,P192004,SS304,1.475,0,0.0483,B,246.6
2026-04-20 05:36:00,P192005,SS304,1.38,0,0.0542,B,240.3
2026-04-20 06:00:00,P192006,SS304,1.4,0,0.0559,B,247.1
2026-04-20 06:24:00,P192007,SS304,1.302,0,0.0517,B,255.7
2026-04-20 06:48:00,P192008,SS304,1.284,0,0.0585,B,251.8
2026-04-20 07:12:00,P192009,SS304,1.33,0,0.0478,B,252.1
2026-04-20 07:36:00,P192010,SS304,1.3,0,0.059,B,253.2
2026-04-20 08:00:00,P192011,SS304,1.303,0,0.0554,B,236.8
2026-04-20 08:24:00,P192012,SS304,1.446,0,0.046,B,240.2
2026-04-20 08:48:00,P192013,SS304,1.338,0,0.0631,B,257.6
2026-04-20 09:12:00,P192014,SS304,1.472,0,0.0619,B,248.1
2026-04-20 09:36:00,P192015,SS304,1.343,0,0.0605,B,233.8
2026-04-20 10:00:00,P192016,SS304,1.436,0,0.0602,B,235.6
2026-04-20 10:24:00,P192017,SS304,1.356,1,0.0601,B,248.0
2026-04-20 10:48:00,P192018,SS304,1.315,0,0.0545,B,256.1
2026-04-20 11:12:00,P192019,SS304,1.248,0,0.0639,B,268.8
2026-04-20 11:36:00,P192020,SS304,1.425,0,0.0616,B,253.0
2026-04-20 12:00:00,P192021,TI6AL4V,1.431,0,0.0549,B,383.1
2026-04-20 12:24:00,P192022,TI6AL4V,1.69,0,0.0642,C,384.9
2026-04-20 12:48:00,P192023,TI6AL4V,1.425,0,0.0642,B,381.5
2026-04-20 13:12:00,P192024,TI6AL4V,1.519,0,0.063,B,373.5
2026-04-20 13:36:00,P192025,TI6AL4V,1.34,0,0.0619,B,375.6
2026-04-20 16:00:00,P201001,TI6AL4V,1.595,0,0.0726,B,372.7
2026-04-20 16:24:00,P201002,TI6AL4V,1.743,0,0.0755,C,397.0
2026-04-20 16:48:00,P201003,TI6AL4V,1.804,0,0.0736,C,380.8
2026-04-20 17:12:00,P201004,TI6AL4V,1.615,0,0.0719,C,396.1
2026-04-20 17:36:00,P201005,TI6AL4V,1.681,0,0.0692,C,386.2
2026-04-20 18:00:00,P201006,TI6AL4V,1.64,0,0.0669,C,376.0
2026-04-20 18:24:00,P201007,TI6AL4V,1.839,0,0.0765,C,388.1
2026-04-20 18:48:00,P201008,TI6AL4V,1.717,0,0.0746,C,374.8
2026-04-20 19:12:00,P201009,TI6AL4V,1.707,5,0.0646,C,376.6
2026-04-20 19:36:00,P201010,TI6AL4V,1.453,0,0.0604,B,393.3
2026-04-20 20:00:00,P201011,AL7075,1.26,0,0.0594,B,174.0
2026-04-20 20:24:00,P201012,AL7075,1.198,0,0.0528,B,177.3
2026-04-20 20:48:00,P201013,AL7075,1.124,0,0.0537,B,181.7
2026-04-20 21:12:00,P201014,AL7075,1.419,0,0.0586,B,162.0
2026-04-20 21:36:00,P201015,AL7075,1.501,0,0.0593,B,175.6
2026-04-20 22:00:00,P201016,AL7075,1.345,0,0.0503,B,181.6
2026-04-20 22:24:00,P201017,AL7075,1.307,0,0.0439,B,185.0
2026-04-20 22:48:00,P201018,AL7075,1.472,0,0.0559,B,180.5
2026-04-20 23:12:00,P201019,AL7075,1.28,0,0.0577,B,184.6
2026-04-20 23:36:00,P201020,AL7075,1.468,0,0.0502,B,162.8
2026-04-21 00:00:00,P201021,AL7075,1.434,0,0.0558,B,184.6
2026-04-21 00:24:00,P201022,AL7075,1.514,0,0.0536,B,178.4
2026-04-21 00:48:00,P201023,AL7075,1.481,0,0.0582,B,166.3
2026-04-21 01:12:00,P201024,AL7075,1.449,0,0.0535,B,168.7
2026-04-21 01:36:00,P201025,AL7075,1.379,0,0.0545,B,173.9
2026-04-21 04:00:00,P202001,AL7075,1.471,0,0.0444,B,176.6
2026-04-21 04:24:00,P202002,AL7075,1.455,0,0.0575,B,180.5
2026-04-21 04:48:00,P202003,AL7075,1.321,0,0.0611,B,176.6
2026-04-21 05:12:00,P202004,AL7075,1.452,0,0.0525,B,166.3
2026-04-21 05:36:00,P202005,AL7075,1.434,0,0.0553,B,195.9
2026-04-21 06:00:00,P202006,AL7075,1.476,0,0.052,B,175.1
2026-04-21 06:24:00,P202007,AL7075,1.521,0,0.0581,B,160.1
2026-04-21 06:48:00,P202008,AL7075,1.426,0,0.0595,B,169.4
2026-04-21 07:12:00,P202009,AL7075,1.519,0,0.0596,B,180.2
2026-04-21 07:36:00,P202010,SS304,1.402,0,0.0725,B,244.2
2026-04-21 08:00:00,P202011,SS304,1.389,0,0.0616,B,252.8
2026-04-21 08:24:00,P202012,SS304,1.512,0,0.0624,B,256.8
2026-04-21 08:48:00,P202013,SS304,1.381,0,0.0642,B,265.5
2026-04-21 09:12:00,P202014,SS304,1.253,0,0.0551,B,250.0
2026-04-21 09:36:00,P202015,SS304,1.594,0,0.0628,B,250.5
2026-04-21 10:00:00,P202016,SS304,1.512,0,0.0628,B,242.5
2026-04-21 10:24:00,P202017,SS304,1.429,0,0.0685,B,238.6
2026-04-21 10:48:00,P202018,SS304,1.405,0,0.0587,B,253.0
2026-04-21 11:12:00,P202019,SS304,1.346,0,0.0629,B,245.6
2026-04-21 11:36:00,P202020,SS304,1.43,0,0.0581,B,259.4
2026-04-21 12:00:00,P202021,SS304,1.517,0,0.0644,B,255.7
2026-04-21 12:24:00,P202022,SS304,1.477,0,0.0649,B,243.2
2026-04-21 12:48:00,P202023,SS304,1.45,0,0.0616,B,236.9
2026-04-21 13:12:00,P202024,SS304,1.477,3,0.0656,B,257.2
2026-04-21 13:36:00,P202025,SS304,1.406,0,0.0592,B,258.9
2026-04-21 16:00:00,P211001,SS304,1.654,0,0.0709,C,273.7
2026-04-21 16:24:00,P211002,SS304,1.841,0,0.0802,C,252.5
2026-04-21 16:48:00,P211003,SS304,1.567,0,0.0642,B,246.6
2026-04-21 17:12:00,P211004,SS304,1.58,0,0.0673,B,260.2
2026-04-21 17:36:00,P211005,SS304,1.694,0,0.0726,C,256.7
2026-04-21 18:00:00,P211006,TI6AL4V,1.709,0,0.0641,C,400.3
2026-04-21 18:24:00,P211007,TI6AL4V,1.719,0,0.0764,C,371.6
2026-04-21 18:48:00,P211008,TI6AL4V,1.686,0,0.0759,C,378.9
2026-04-21 19:12:00,P211009,TI6AL4V,1.755,0,0.0687,C,379.5
2026-04-21 19:36:00,P211010,TI6AL4V,1.783,0,0.0803,C,380.3
2026-04-21 20:00:00,P211011,TI6AL4V,1.801,0,0.0796,C,390.7
2026-04-21 20:24:00,P211012,TI6AL4V,1.793,0,0.0732,C,378.4
2026-04-21 20:48:00,P211013,TI6AL4V,1.74,0,0.0742,C,367.5
2026-04-21 21:12:00,P211014,TI6AL4V,1.761,1,0.0695,C,381.2
2026-04-21 21:36:00,P211015,TI6AL4V,1.939,0,0.0794,C,382.3
2026-04-21 22:00:00,P211016,TI6AL4V,1.771,0,0.0682,C,379.1
2026-04-21 22:24:00,P211017,TI6AL4V,1.698,0,0.0708,C,383.1
2026-04-21 22:48:00,P211018,TI6AL4V,1.837,0,0.076,C,361.1
2026-04-21 23:12:00,P211019,TI6AL4V,1.949,0,0.08,C,362.6
2026-04-21 23:36:00,P211020,TI6AL4V,1.842,5,0.0748,C,361.9
2026-04-22 00:00:00,P211021,AL7075,1.883,0,0.0719,C,172.4
2026-04-22 00:24:00,P211022,AL7075,1.869,0,0.0708,C,178.8
2026-04-22 00:48:00,P211023,AL7075,1.743,0,0.0751,C,176.8
2026-04-22 01:12:00,P211024,AL7075,1.66,0,0.0735,C,185.1
2026-04-22 01:36:00,P211025,AL7075,1.777,0,0.0731,C,166.3
2026-04-22 04:00:00,P212001,AL7075,1.892,0,0.07,C,166.4
2026-04-22 04:24:00,P212002,AL7075,1.851,0,0.0752,C,184.9
2026-04-22 04:48:00,P212003,AL7075,1.763,0,0.0695,C,180.7
2026-04-22 05:12:00,P212004,AL7075,1.829,0,0.0693,C,169.1
2026-04-22 05:36:00,P212005,AL7075,1.945,0,0.0736,C,167.6
2026-04-22 06:00:00,P212006,AL7075,1.624,0,0.0679,C,178.6
2026-04-22 06:24:00,P212007,AL7075,1.881,0,0.0693,C,169.3
2026-04-22 06:48:00,P212008,AL7075,1.834,0,0.0878,C,176.5
2026-04-22 07:12:00,P212009,AL7075,1.913,0,0.0694,C,180.6
2026-04-22 07:36:00,P212010,AL7075,1.74,0,0.0718,C,168.7
2026-04-22 08:00:00,P212011,AL7075,1.865,0,0.0784,C,180.7
2026-04-22 08:24:00,P212012,AL7075,2.017,0,0.0804,C,173.4
2026-04-22 08:48:00,P212013,AL7075,1.865,0,0.0742,C,157.7
2026-04-22 09:12:00,P212014,AL7075,1.88,0,0.0788,C,175.2
2026-04-22 09:36:00,P212015,AL7075,1.577,0,0.0615,B,170.7
2026-04-22 10:00:00,P212016,AL7075,1.734,0,0.0727,C,178.2
2026-04-22 10:24:00,P212017,AL7075,1.687,0,0.0714,C,179.5
2026-04-22 10:48:00,P212018,AL7075,1.618,0,0.0659,C,188.6
2026-04-22 11:12:00,P212019,AL7075,1.499,0,0.0605,B,170.2
2026-04-22 11:36:00,P212020,SS304,1.479,1,0.0702,B,243.2
2026-04-22 12:00:00,P212021,SS304,1.428,0,0.0639,B,244.3
2026-04-22 12:24:00,P212022,SS304,1.493,0,0.0716,B,241.8
2026-04-22 12:48:00,P212023,SS304,1.478,0,0.0682,B,248.2
2026-04-22 13:12:00,P212024,SS304,1.551,0,0.0747,B,240.1
2026-04-22 13:36:00,P212025,SS304,1.555,0,0.0679,B,235.3
2026-04-22 16:00:00,P221001,SS304,1.688,0,0.0768,C,252.9
2026-04-22 16:24:00,P221002,SS304,1.802,0,0.079,C,244.3
2026-04-22 16:48:00,P221003,SS304,1.819,0,0.0697,C,252.4
2026-04-22 17:12:00,P221004,SS304,1.964,0,0.0836,C,234.6
2026-04-22 17:36:00,P221005,SS304,1.651,0,0.0812,C,253.8
2026-04-22 18:00:00,P221006,SS304,1.865,4,0.0807,C,263.5
2026-04-22 18:24:00,P221007,SS304,1.807,0,0.0731,C,232.8
2026-04-22 18:48:00,P221008,SS304,1.821,0,0.0785,C,246.7
2026-04-22 19:12:00,P221009,SS304,1.858,0,0.0761,C,241.0
2026-04-22 19:36:00,P221010,SS304,1.829,0,0.0798,C,249.5
2026-04-22 20:00:00,P221011,SS304,1.654,0,0.0802,C,247.6
2026-04-22 20:24:00,P221012,SS304,1.664,0,0.0686,C,252.6
2026-04-22 20:48:00,P221013,SS304,1.987,3,0.0742,C,252.3
2026-04-22 21:12:00,P221014,SS304,1.808,0,0.0736,C,256.6
2026-04-22 21:36:00,P221015,SS304,1.815,0,0.0842,C,258.3
2026-04-22 22:00:00,P221016,TI6AL4V,1.799,0,0.0725,C,380.2
2026-04-22 22:24:00,P221017,TI6AL4V,1.912,0,0.0857,C,386.9
2026-04-22 22:48:00,P221018,TI6AL4V,1.942,0,0.0803,C,381.1
2026-04-22 23:12:00,P221019,TI6AL4V,1.961,0,0.085,C,381.0
2026-04-22 23:36:00,P221020,TI6AL4V,2.013,0,0.0723,C,368.8
2026-04-23 00:00:00,P221021,TI6AL4V,2.012,0,0.0808,C,383.3
2026-04-23 00:24:00,P221022,TI6AL4V,1.83,0,0.0778,C,365.3
2026-04-23 00:48:00,P221023,TI6AL4V,2.075,0,0.0832,C,372.0
2026-04-23 01:12:00,P221024,TI6AL4V,1.897,0,0.0827,C,383.7
2026-04-23 01:36:00,P221025,TI6AL4V,2.021,0,0.0794,C,374.5
2026-04-23 04:00:00,P222001,TI6AL4V,1.943,0,0.0829,C,376.2
2026-04-23 04:24:00,P222002,TI6AL4V,1.986,5,0.0819,C,381.8
2026-04-23 04:48:00,P222003,TI6AL4V,1.87,0,0.079,C,377.9
2026-04-23 05:12:00,P222004,TI6AL4V,1.697,0,0.077,C,384.2
2026-04-23 05:36:00,P222005,TI6AL4V,1.946,0,0.0829,C,378.5
2026-04-23 06:00:00,P222006,AL7075,1.855,0,0.0808,C,174.6
2026-04-23 06:24:00,P222007,AL7075,1.888,8,0.0725,C,177.3
2026-04-23 06:48:00,P222008,AL7075,2.111,0,0.0758,C,174.2
2026-04-23 07:12:00,P222009,AL7075,1.9,0,0.0778,C,165.6
2026-04-23 07:36:00,P222010,AL7075,1.852,0,0.0747,C,161.4
2026-04-23 08:00:00,P222011,AL7075,2.049,0,0.0839,C,186.3
2026-04-23 08:24:00,P222012,AL7075,1.887,6,0.0851,C,175.4
2026-04-23 08:48:00,P222013,AL7075,1.971,4,0.0813,C,177.7
2026-04-23 09:12:00,P222014,AL7075,1.981,7,0.0824,C,191.1
2026-04-23 09:36:00,P222015,AL7075,1.822,0,0.0751,C,163.0
2026-04-23 10:00:00,P222016,AL7075,1.833,0,0.0784,C,163.8
2026-04-23 10:24:00,P222017,AL7075,1.846,5,0.0806,C,172.4
2026-04-23 10:48:00,P222018,AL7075,2.098,0,0.0877,C,156.3
2026-04-23 11:12:00,P222019,AL7075,1.95,0,0.079,C,175.4
2026-04-23 11:36:00,P222020,AL7075,2.064,0,0.0754,C,177.6
2026-04-23 12:00:00,P222021,AL7075,1.947,0,0.0898,C,177.4
2026-04-23 12:24:00,P222022,AL7075,1.847,0,0.0816,C,182.7
2026-04-23 12:48:00,P222023,AL7075,2.074,0,0.0873,C,185.3
2026-04-23 13:12:00,P222024,AL7075,1.999,0,0.0813,C,173.0
2026-04-23 13:36:00,P222025,AL7075,2.225,0,0.0864,C,177.2
2026-04-23 16:00:00,P231001,AL7075,2.104,4,0.0877,C,179.9
2026-04-23 16:24:00,P231002,AL7075,2.226,0,0.0847,C,173.4
2026-04-23 16:48:00,P231003,AL7075,2.319,0,0.0891,C,178.8
2026-04-23 17:12:00,P231004,AL7075,2.133,0,0.0861,C,174.4
2026-04-23 17:36:00,P231005,SS304,1.981,0,0.0918,C,245.9
2026-04-23 18:00:00,P231006,SS304,2.199,9,0.1,C,240.1
2026-04-23 18:24:00,P231007,SS304,2.172,0,0.1002,C,242.6
2026-04-23 18:48:00,P231008,SS304,2.122,0,0.0859,C,250.7
2026-04-23 19:12:00,P231009,SS304,1.973,0,0.0811,C,238.3
2026-04-23 19:36:00,P231010,SS304,2.401,0,0.0887,C,248.3
2026-04-23 20:00:00,P231011,SS304,2.112,0,0.0892,C,256.3
2026-04-23 20:24:00,P231012,SS304,2.29,0,0.0942,C,245.0
2026-04-23 20:48:00,P231013,SS304,2.049,0,0.0926,C,250.6
2026-04-23 21:12:00,P231014,SS304,2.088,0,0.0884,C,247.9
2026-04-23 21:36:00,P231015,SS304,2.074,5,0.0907,C,253.9
2026-04-23 22:00:00,P231016,SS304,2.073,0,0.0885,C,256.8
2026-04-23 22:24:00,P231017,SS304,2.232,0,0.099,C,256.8
2026-04-23 22:48:00,P231018,SS304,2.167,1,0.0928,C,254.2
2026-04-23 23:12:00,P231019,SS304,2.226,5,0.0951,C,249.8
2026-04-23 23:36:00,P231020,SS304,2.005,0,0.0748,C,233.6
2026-04-24 00:00:00,P231021,SS304,1.748,0,0.0772,C,242.9
2026-04-24 00:24:00,P231022,SS304,1.856,0,0.0761,C,239.7
2026-04-24 00:48:00,P231023,SS304,1.872,0,0.083,C,253.7
2026-04-24 01:12:00,P231024,SS304,1.924,0,0.0863,C,236.2
2026-04-24 01:36:00,P231025,SS304,2.03,0,0.0828,C,256.8
2026-04-24 04:00:00,P232001,TI6AL4V,1.99,0,0.0793,C,378.9
2026-04-24 04:24:00,P232002,TI6AL4V,1.978,0,0.0794,C,382.4
2026-04-24 04:48:00,P232003,TI6AL4V,1.835,0,0.0832,C,369.2
2026-04-24 05:12:00,P232004,TI6AL4V,1.969,0,0.0844,C,391.4
2026-04-24 05:36:00,P232005,TI6AL4V,1.991,6,0.0836,C,376.6
2026-04-24 06:00:00,P232006,TI6AL4V,2.045,4,0.0921,C,363.0
2026-04-24 06:24:00,P232007,TI6AL4V,2.049,0,0.0888,C,370.5
2026-04-24 06:48:00,P232008,TI6AL4V,2.02,4,0.0783,C,368.9
2026-04-24 07:12:00,P232009,TI6AL4V,1.972,0,0.0875,C,381.1
2026-04-24 07:36:00,P232010,TI6AL4V,1.91,0,0.0888,C,382.0
2026-04-24 08:00:00,P232011,TI6AL4V,2.013,0,0.084,C,368.6
2026-04-24 08:24:00,P232012,TI6AL4V,2.15,5,0.0807,C,382.4
2026-04-24 08:48:00,P232013,TI6AL4V,2.142,0,0.0939,C,368.1
2026-04-24 09:12:00,P232014,TI6AL4V,1.944,1,0.0916,C,376.8
2026-04-24 09:36:00,P232015,TI6AL4V,2.185,0,0.0859,C,373.5
2026-04-24 10:00:00,P232016,AL7075,2.141,0,0.082,C,163.4
2026-04-24 10:24:00,P232017,AL7075,2.019,4,0.087,C,172.4
2026-04-24 10:48:00,P232018,AL7075,1.949,0,0.0948,C,184.7
2026-04-24 11:12:00,P232019,AL7075,2.025,0,0.0824,C,168.3
2026-04-24 11:36:00,P232020,AL7075,2.012,0,0.0917,C,177.4
2026-04-24 12:00:00,P232021,AL7075,1.964,0,0.0783,C,175.8
2026-04-24 12:24:00,P232022,AL7075,2.072,3,0.0823,C,172.3
2026-04-24 12:48:00,P232023,AL7075,2.118,0,0.0898,C,173.8
2026-04-24 13:12:00,P232024,AL7075,2.072,0,0.0841,C,159.2
2026-04-24 13:36:00,P232025,AL7075,2.085,0,0.0884,C,163.6
2026-04-24 16:00:00,P241001,AL7075,2.103,0,0.0964,C,168.5
2026-04-24 16:24:00,P241002,AL7075,2.236,6,0.0961,C,179.9
2026-04-24 16:48:00,P241003,AL7075,2.148,0,0.0892,C,183.7
2026-04-24 17:12:00,P241004,AL7075,2.062,0,0.0847,C,169.6
2026-04-24 17:36:00,P241005,AL7075,2.218,6,0.0924,C,160.3
2026-04-24 18:00:00,P241006,AL7075,2.213,0,0.0835,C,155.5
2026-04-24 18:24:00,P241007,AL7075,2.223,0,0.095,C,162.7
2026-04-24 18:48:00,P241008,AL7075,2.378,6,0.0958,C,177.6
2026-04-24 19:12:00,P241009,AL7075,2.221,5,0.0925,C,173.5
2026-04-24 19:36:00,P241010,AL7075,2.288,3,0.0957,C,174.4
2026-04-24 20:00:00,P241011,AL7075,2.232,4,0.0969,C,165.9
2026-04-24 20:24:00,P241012,AL7075,2.163,6,0.0869,C,177.1
2026-04-24 20:48:00,P241013,AL7075,2.216,6,0.092,C,174.8
2026-04-24 21:12:00,P241014,AL7075,2.192,0,0.0947,C,172.9
2026-04-24 21:36:00,P241015,SS304,2.152,0,0.0959,C,249.6
2026-04-24 22:00:00,P241016,SS304,1.995,0,0.0901,C,237.7
2026-04-24 22:24:00,P241017,SS304,2.287,1,0.0921,C,245.0
2026-04-24 22:48:00,P241018,SS304,2.248,0,0.0855,C,244.5
2026-04-24 23:12:00,P241019,SS304,2.127,0,0.0855,C,240.2
2026-04-24 23:36:00,P241020,SS304,2.231,0,0.0929,C,224.6
2026-04-25 00:00:00,P241021,SS304,2.237,8,0.0888,C,241.0
2026-04-25 00:24:00,P241022,SS304,2.44,7,0.0946,C,255.3
2026-04-25 00:48:00,P241023,SS304,2.171,11,0.092,C,247.1
2026-04-25 01:12:00,P241024,SS304,2.395,5,0.1009,C,232.9
2026-04-25 01:36:00,P241025,SS304,2.343,0,0.0946,C,235.1
2026-04-25 04:00:00,P242001,SS304,2.395,0,0.0891,C,247.6
2026-04-25 04:24:00,P242002,SS304,2.337,0,0.0927,C,239.8
2026-04-25 04:48:00,P242003,SS304,2.216,0,0.0912,C,243.8
2026-04-25 05:12:00,P242004,SS304,2.541,0,0.0979,C,242.5
2026-04-25 05:36:00,P242005,SS304,2.451,0,0.0963,C,249.0
2026-04-25 06:00:00,P242006,SS304,2.256,4,0.097,C,248.4
2026-04-25 06:24:00,P242007,SS304,2.365,0,0.1024,C,257.7
2026-04-25 06:48:00,P242008,SS304,2.361,0,0.0948,C,243.3
2026-04-25 07:12:00,P242009,SS304,2.436,0,0.0995,C,259.8
2026-04-25 07:36:00,P242010,SS304,2.337,0,0.1011,C,230.4
2026-04-25 08:00:00,P242011,TI6AL4V,2.261,2,0.1012,C,376.8
2026-04-25 08:24:00,P242012,TI6AL4V,2.457,4,0.106,C,384.2
2026-04-25 08:48:00,P242013,TI6AL4V,2.412,6,0.1014,C,379.6
2026-04-25 09:12:00,P242014,TI6AL4V,2.546,2,0.11,C,386.5
2026-04-25 09:36:00,P242015,TI6AL4V,2.516,0,0.1066,C,378.2
2026-04-25 10:00:00,P242016,TI6AL4V,2.621,4,0.1012,C,375.9
2026-04-25 10:24:00,P242017,TI6AL4V,2.42,4,0.1039,C,383.5
2026-04-25 10:48:00,P242018,TI6AL4V,2.406,0,0.104,C,380.2
2026-04-25 11:12:00,P242019,TI6AL4V,2.598,6,0.1045,C,376.9
2026-04-25 11:36:00,P242020,TI6AL4V,2.319,0,0.0982,C,375.5
2026-04-25 12:00:00,P242021,TI6AL4V,2.642,0,0.1103,C,377.9
2026-04-25 12:24:00,P242022,TI6AL4V,2.278,0,0.1026,C,380.2
2026-04-25 12:48:00,P242023,TI6AL4V,2.428,10,0.1145,C,375.2
2026-04-25 13:12:00,P242024,TI6AL4V,2.366,0,0.1025,C,368.9
2026-04-25 13:36:00,P242025,TI6AL4V,2.049,0,0.0866,C,383.9
2026-04-25 16:00:00,P251001,AL7075,2.608,3,0.1079,C,171.6
2026-04-25 16:24:00,P251002,AL7075,2.501,0,0.1031,C,177.1
2026-04-25 16:48:00,P251003,AL7075,2.299,0,0.0969,C,178.7
2026-04-25 17:12:00,P251004,AL7075,2.376,0,0.0955,C,177.8
2026-04-25 17:36:00,P251005,AL7075,2.436,3,0.1024,C,163.4
2026-04-25 18:00:00,P251006,AL7075,2.216,0,0.0975,C,177.1
2026-04-25 18:24:00,P251007,AL7075,2.24,0,0.0943,C,179.9
2026-04-25 18:48:00,P251008,AL7075,2.357,0,0.0974,C,179.0
2026-04-25 19:12:00,P251009,AL7075,2.574,0,0.0979,C,176.5
2026-04-25 19:36:00,P251010,AL7075,2.421,5,0.0951,C,172.9
2026-04-25 20:00:00,P251011,AL7075,2.395,0,0.0956,C,180.3
2026-04-25 20:24:00,P251012,AL7075,2.37,0,0.0989,C,181.5
2026-04-25 20:48:00,P251013,AL7075,2.359,0,0.0932,C,181.4
2026-04-25 21:12:00,P251014,AL7075,2.332,9,0.0993,C,171.5
2026-04-25 21:36:00,P251015,AL7075,2.541,6,0.0902,C,171.5
2026-04-25 22:00:00,P251016,AL7075,2.448,6,0.0951,C,170.2
2026-04-25 22:24:00,P251017,AL7075,2.304,6,0.0915,C,190.9
2026-04-25 22:48:00,P251018,AL7075,2.485,0,0.094,C,174.3
2026-04-25 23:12:00,P251019,AL7075,2.321,5,0.0902,C,177.8
2026-04-25 23:36:00,P251020,AL7075,2.496,0,0.1024,C,180.8
2026-04-26 00:00:00,P251021,AL7075,2.587,0,0.099,C,150.3
2026-04-26 00:24:00,P251022,AL7075,2.544,7,0.1032,C,177.9
2026-04-26 00:48:00,P251023,AL7075,2.525,0,0.0996,C,159.8
2026-04-26 01:12:00,P251024,AL7075,2.435,0,0.0941,C,171.1
2026-04-26 01:36:00,P251025,SS304,2.366,7,0.0919,C,249.2
2026-04-26 04:00:00,P252001,SS304,2.354,0,0.0961,C,255.5
2026-04-26 04:24:00,P252002,SS304,2.361,0,0.0964,C,240.4
2026-04-26 04:48:00,P252003,SS304,2.392,0,0.1011,C,257.3
2026-04-26 05:12:00,P252004,SS304,2.542,4,0.1154,C,240.4
2026-04-26 05:36:00,P252005,SS304,2.469,0,0.0969,C,261.9
2026-04-26 06:00:00,P252006,SS304,2.435,3,0.1102,C,235.7
2026-04-26 06:24:00,P252007,SS304,2.584,0,0.1061,C,242.0
2026-04-26 06:48:00,P252008,SS304,2.45,6,0.0984,C,240.3
2026-04-26 07:12:00,P252009,SS304,2.58,0,0.1034,C,243.2
2026-04-26 07:36:00,P252010,SS304,2.5,0,0.1035,C,246.3
2026-04-26 08:00:00,P252011,SS304,2.493,0,0.1076,C,264.3
2026-04-26 08:24:00,P252012,SS304,2.607,3,0.104,C,240.9
2026-04-26 08:48:00,P252013,SS304,2.406,7,0.1014,C,246.9
2026-04-26 09:12:00,P252014,SS304,2.699,2,0.1036,C,254.5
2026-04-26 09:36:00,P252015,SS304,2.498,5,0.1065,C,246.1
2026-04-26 10:00:00,P252016,SS304,2.679,0,0.1054,C,254.7
2026-04-26 10:24:00,P252017,SS304,2.453,0,0.109,C,247.9
2026-04-26 10:48:00,P252018,SS304,2.61,12,0.1115,C,257.5
2026-04-26 11:12:00,P252019,SS304,2.611,0,0.1104,C,239.4
2026-04-26 11:36:00,P252020,SS304,2.626,8,0.1117,C,259.9
2026-04-26 12:00:00,P252021,TI6AL4V,2.635,3,0.1111,C,376.7
2026-04-26 12:24:00,P252022,TI6AL4V,2.685,0,0.1169,C,371.1
2026-04-26 12:48:00,P252023,TI6AL4V,2.635,0,0.1096,C,376.7
2026-04-26 13:12:00,P252024,TI6AL4V,2.593,8,0.1118,C,379.2
2026-04-26 13:36:00,P252025,TI6AL4V,2.531,0,0.1109,C,370.0
2026-04-26 16:00:00,P261001,TI6AL4V,2.538,5,0.1124,C,378.6
2026-04-26 16:24:00,P261002,TI6AL4V,2.767,0,0.1065,C,374.2
2026-04-26 16:48:00,P261003,TI6AL4V,2.76,7,0.1095,C,372.3
2026-04-26 17:12:00,P261004,TI6AL4V,2.789,0,0.1067,C,371.9
2026-04-26 17:36:00,P261005,TI6AL4V,2.899,0,0.1165,C,370.0
2026-04-26 18:00:00,P261006,TI6AL4V,2.672,0,0.119,C,372.6
2026-04-26 18:24:00,P261007,TI6AL4V,2.755,5,0.1115,C,375.8
2026-04-26 18:48:00,P261008,TI6AL4V,2.68,10,0.1065,C,377.8
2026-04-26 19:12:00,P261009,TI6AL4V,2.697,0,0.1084,C,364.9
2026-04-26 19:36:00,P261010,TI6AL4V,2.598,0,0.1068,C,389.1
2026-04-26 20:00:00,P261011,AL7075,2.728,11,0.1016,C,167.4
2026-04-26 20:24:00,P261012,AL7075,2.605,0,0.106,C,158.1
2026-04-26 20:48:00,P261013,AL7075,2.7,0,0.0995,C,163.4
2026-04-26 21:12:00,P261014,AL7075,2.591,0,0.106,C,180.1
2026-04-26 21:36:00,P261015,AL7075,2.584,0,0.1018,C,161.4
2026-04-26 22:00:00,P261016,AL7075,2.553,0,0.0974,C,170.3
2026-04-26 22:24:00,P261017,AL7075,2.68,6,0.1073,C,170.5
2026-04-26 22:48:00,P261018,AL7075,2.53,5,0.1059,C,169.6
2026-04-26 23:12:00,P261019,AL7075,2.578,12,0.1107,C,179.4
2026-04-26 23:36:00,P261020,AL7075,2.682,4,0.1072,C,166.1
2026-04-27 00:00:00,P261021,AL7075,2.694,0,0.098,C,161.9
2026-04-27 00:24:00,P261022,AL7075,2.637,8,0.1093,C,178.5
2026-04-27 00:48:00,P261023,AL7075,2.651,0,0.1052,C,180.2
2026-04-27 01:12:00,P261024,AL7075,2.713,0,0.1049,C,176.7
2026-04-27 01:36:00,P261025,AL7075,2.663,9,0.1039,C,165.4
2026-04-27 04:00:00,P262001,AL7075,2.717,2,0.1053,C,163.3
2026-04-27 04:24:00,P262002,AL7075,2.687,8,0.1055,C,177.8
2026-04-27 04:48:00,P262003,AL7075,2.687,13,0.1183,C,167.1
2026-04-27 05:12:00,P262004,AL7075,2.555,0,0.1072,C,174.0
2026-04-27 05:36:00,P262005,AL7075,2.317,0,0.1001,C,175.6
2026-04-27 06:00:00,P262006,AL7075,2.399,0,0.0948,C,167.9
2026-04-27 06:24:00,P262007,AL7075,2.372,0,0.0997,C,150.8
2026-04-27 06:48:00,P262008,AL7075,2.498,0,0.1011,C,172.2
2026-04-27 07:12:00,P262009,AL7075,2.373,0,0.0918,C,168.3
2026-04-27 07:36:00,P262010,SS304,2.324,0,0.1044,C,262.0
2026-04-27 08:00:00,P262011,SS304,2.351,4,0.0991,C,237.3
2026-04-27 08:24:00,P262012,SS304,2.264,0,0.1021,C,253.9
2026-04-27 08:48:00,P262013,SS304,2.189,0,0.0929,C,244.0
2026-04-27 09:12:00,P262014,SS304,2.417,7,0.0976,C,246.7
2026-04-27 09:36:00,P262015,SS304,2.363,7,0.1063,C,242.7
2026-04-27 10:00:00,P262016,SS304,2.411,0,0.095,C,233.7
2026-04-27 10:24:00,P262017,SS304,2.406,0,0.1043,C,247.8
2026-04-27 10:48:00,P262018,SS304,2.309,2,0.1045,C,237.5
2026-04-27 11:12:00,P262019,SS304,2.384,8,0.104,C,220.9
2026-04-27 11:36:00,P262020,SS304,2.421,0,0.1042,C,248.6
2026-04-27 12:00:00,P262021,SS304,2.498,6,0.0999,C,243.7
2026-04-27 12:24:00,P262022,SS304,2.518,0,0.1081,C,238.5
2026-04-27 12:48:00,P262023,SS304,2.546,0,0.1039,C,238.4
2026-04-27 13:12:00,P262024,SS304,2.5,0,0.1069,C,258.9
2026-04-27 13:36:00,P262025,SS304,2.435,0,0.1094,C,232.5
2026-04-27 16:00:00,P271001,SS304,2.42,4,0.117,C,230.0
2026-04-27 16:24:00,P271002,SS304,2.319,0,0.1047,C,243.2
2026-04-27 16:48:00,P271003,SS304,2.4,0,0.1084,C,235.5
2026-04-27 17:12:00,P271004,SS304,2.479,3,0.1071,C,234.9
2026-04-27 17:36:00,P271005,SS304,2.498,0,0.1051,C,236.7
2026-04-27 18:00:00,P271006,TI6AL4V,2.376,0,0.1097,C,359.7
2026-04-27 18:24:00,P271007,TI6AL4V,2.583,0,0.1074,C,366.4
2026-04-27 18:48:00,P271008,TI6AL4V,2.591,9,0.1094,C,369.3
2026-04-27 19:12:00,P271009,TI6AL4V,2.52,0,0.0988,C,375.9
2026-04-27 19:36:00,P271010,TI6AL4V,2.5,0,0.1005,C,379.8
2026-04-27 20:00:00,P271011,TI6AL4V,2.61,2,0.1107,C,370.8
2026-04-27 20:24:00,P271012,TI6AL4V,2.528,0,0.1035,C,374.1
2026-04-27 20:48:00,P271013,TI6AL4V,2.554,7,0.1017,C,390.4
2026-04-27 21:12:00,P271014,TI6AL4V,2.553,0,0.1007,C,388.9
2026-04-27 21:36:00,P271015,TI6AL4V,2.533,0,0.0996,C,374.1
2026-04-27 22:00:00,P271016,TI6AL4V,2.673,7,0.1109,C,379.7
2026-04-27 22:24:00,P271017,TI6AL4V,2.613,3,0.1029,C,376.9
2026-04-27 22:48:00,P271018,TI6AL4V,2.535,0,0.1036,C,368.0
2026-04-27 23:12:00,P271019,TI6AL4V,2.642,0,0.1052,C,373.2
2026-04-27 23:36:00,P271020,TI6AL4V,2.66,0,0.119,C,368.5
2026-04-28 00:00:00,P271021,AL7075,2.525,0,0.1029,C,160.7
2026-04-28 00:24:00,P271022,AL7075,2.501,0,0.1039,C,180.0
2026-04-28 00:48:00,P271023,AL7075,2.742,0,0.1017,C,165.0
2026-04-28 01:12:00,P271024,AL7075,2.495,0,0.0976,C,170.9
2026-04-28 01:36:00,P271025,AL7075,2.671,0,0.1053,C,183.5
2026-04-28 04:00:00,P272001,AL7075,2.629,5,0.1009,C,166.4
2026-04-28 04:24:00,P272002,AL7075,2.682,6,0.0999,C,178.8
2026-04-28 04:48:00,P272003,AL7075,2.546,9,0.1029,C,180.3
2026-04-28 05:12:00,P272004,AL7075,2.546,6,0.0999,C,163.6
2026-04-28 05:36:00,P272005,AL7075,2.598,5,0.1053,C,172.0
2026-04-28 06:00:00,P272006,AL7075,2.631,8,0.1075,C,168.5
2026-04-28 06:24:00,P272007,AL7075,2.5,6,0.1091,C,174.9
2026-04-28 06:48:00,P272008,AL7075,2.718,0,0.1076,C,165.1
2026-04-28 07:12:00,P272009,AL7075,2.691,3,0.1002,C,175.7
2026-04-28 07:36:00,P272010,AL7075,2.509,6,0.1087,C,172.5
2026-04-28 08:00:00,P272011,AL7075,2.676,6,0.107,C,160.9
2026-04-28 08:24:00,P272012,AL7075,2.734,3,0.107,C,156.5
2026-04-28 08:48:00,P272013,AL7075,2.614,0,0.1021,C,172.0
2026-04-28 09:12:00,P272014,AL7075,2.773,0,0.1055,C,166.5
2026-04-28 09:36:00,P272015,AL7075,2.671,7,0.1134,C,166.9
2026-04-28 10:00:00,P272016,AL7075,2.586,5,0.1105,C,170.0
2026-04-28 10:24:00,P272017,AL7075,2.594,4,0.1103,C,166.6
2026-04-28 10:48:00,P272018,AL7075,2.752,0,0.106,C,164.4
2026-04-28 11:12:00,P272019,AL7075,2.695,9,0.1055,C,186.4
2026-04-28 11:36:00,P272020,SS304,2.838,0,0.1129,C,249.5
2026-04-28 12:00:00,P272021,SS304,2.44,0,0.1181,C,242.9
2026-04-28 12:24:00,P272022,SS304,2.635,0,0.1112,C,252.2
2026-04-28 12:48:00,P272023,SS304,2.655,11,0.1149,C,239.8
2026-04-28 13:12:00,P272024,SS304,2.541,0,0.1093,C,245.4
2026-04-28 13:36:00,P272025,SS304,2.551,0,0.1195,C,248.5
2026-04-28 16:00:00,P281001,SS304,2.591,3,0.1111,C,241.5
2026-04-28 16:24:00,P281002,SS304,2.463,0,0.1098,C,243.2
2026-04-28 16:48:00,P281003,SS304,2.762,0,0.1141,C,245.3
2026-04-28 17:12:00,P281004,SS304,2.706,0,0.118,C,247.4
2026-04-28 17:36:00,P281005,SS304,2.772,0,0.1117,C,247.8
2026-04-28 18:00:00,P281006,SS304,2.659,0,0.1146,C,230.4
2026-04-28 18:24:00,P281007,SS304,2.78,0,0.1106,C,239.0
2026-04-28 18:48:00,P281008,SS304,2.789,6,0.11,C,238.6
2026-04-28 19:12:00,P281009,SS304,2.659,0,0.1084,C,230.6
2026-04-28 19:36:00,P281010,SS304,2.336,0,0.1017,C,241.0
2026-04-28 20:00:00,P281011,SS304,2.401,0,0.1001,C,255.6
2026-04-28 20:24:00,P281012,SS304,2.264,7,0.1035,C,249.3
2026-04-28 20:48:00,P281013,SS304,2.211,3,0.094,C,221.9
2026-04-28 21:12:00,P281014,SS304,2.293,2,0.0921,C,238.0
2026-04-28 21:36:00,P281015,SS304,2.458,4,0.104,C,242.2
2026-04-28 22:00:00,P281016,TI6AL4V,2.379,0,0.1013,C,382.1
2026-04-28 22:24:00,P281017,TI6AL4V,2.472,0,0.0985,C,375.4
2026-04-28 22:48:00,P281018,TI6AL4V,2.419,5,0.0979,C,376.1
2026-04-28 23:12:00,P281019,TI6AL4V,2.473,0,0.0983,C,382.5
2026-04-28 23:36:00,P281020,TI6AL4V,2.462,0,0.0983,C,392.4
2026-04-29 00:00:00,P281021,TI6AL4V,2.634,0,0.1008,C,370.5
2026-04-29 00:24:00,P281022,TI6AL4V,2.476,0,0.097,C,391.2
2026-04-29 00:48:00,P281023,TI6AL4V,2.434,0,0.1016,C,394.4
2026-04-29 01:12:00,P281024,TI6AL4V,2.56,9,0.1006,C,384.6
2026-04-29 01:36:00,P281025,TI6AL4V,2.602,0,0.1023,C,363.4
2026-04-29 04:00:00,P282001,TI6AL4V,2.523,5,0.093,C,376.0
2026-04-29 04:24:00,P282002,TI6AL4V,2.531,0,0.1042,C,365.6
2026-04-29 04:48:00,P282003,TI6AL4V,2.669,0,0.1086,C,378.8
2026-04-29 05:12:00,P282004,TI6AL4V,2.572,0,0.1049,C,373.9
2026-04-29 05:36:00,P282005,TI6AL4V,2.657,8,0.1112,C,365.1
2026-04-29 06:00:00,P282006,AL7075,2.495,0,0.1029,C,169.7
2026-04-29 06:24:00,P282007,AL7075,2.611,5,0.0953,C,172.4
2026-04-29 06:48:00,P282008,AL7075,2.483,0,0.1016,C,157.8
2026-04-29 07:12:00,P282009,AL7075,2.474,0,0.1102,C,174.1
2026-04-29 07:36:00,P282010,AL7075,2.278,0,0.1021,C,160.4
2026-04-29 08:00:00,P282011,AL7075,2.588,6,0.0985,C,149.3
2026-04-29 08:24:00,P282012,AL7075,2.551,0,0.1019,C,175.6
2026-04-29 08:48:00,P282013,AL7075,2.463,8,0.1023,C,159.5
2026-04-29 09:12:00,P282014,AL7075,2.684,9,0.106,C,169.5
2026-04-29 09:36:00,P282015,AL7075,2.465,0,0.0988,C,171.3
2026-04-29 10:00:00,P282016,AL7075,2.388,1,0.1118,C,166.5
2026-04-29 10:24:00,P282017,AL7075,2.489,6,0.1024,C,176.9
2026-04-29 10:48:00,P282018,AL7075,2.513,0,0.1051,C,168.3
2026-04-29 11:12:00,P282019,AL7075,2.598,9,0.0978,C,181.5
2026-04-29 11:36:00,P282020,AL7075,2.426,0,0.1019,C,168.7
2026-04-29 12:00:00,P282021,AL7075,2.589,0,0.1077,C,180.3
2026-04-29 12:24:00,P282022,AL7075,2.528,0,0.1057,C,181.6
2026-04-29 12:48:00,P282023,AL7075,2.415,1,0.1022,C,164.9
2026-04-29 13:12:00,P282024,AL7075,2.747,0,0.111,C,167.5
2026-04-29 13:36:00,P282025,AL7075,2.595,3,0.106,C,161.3
2026-04-29 16:00:00,P291001,AL7075,2.772,8,0.1047,C,157.1
2026-04-29 16:24:00,P291002,AL7075,2.606,4,0.1046,C,174.1
2026-04-29 16:48:00,P291003,AL7075,2.405,4,0.1098,C,169.3
2026-04-29 17:12:00,P291004,AL7075,2.426,0,0.101,C,162.7
2026-04-29 17:36:00,P291005,SS304,2.484,0,0.105,C,239.6
2026-04-29 18:00:00,P291006,SS304,2.637,5,0.1057,C,252.8
2026-04-29 18:24:00,P291007,SS304,2.52,0,0.1013,C,240.6
2026-04-29 18:48:00,P291008,SS304,2.513,0,0.1097,C,253.6
2026-04-29 19:12:00,P291009,SS304,2.403,0,0.1021,C,236.8
2026-04-29 19:36:00,P291010,SS304,2.71,5,0.1038,C,237.5
2026-04-29 20:00:00,P291011,SS304,2.575,6,0.11,C,247.2
2026-04-29 20:24:00,P291012,SS304,2.485,0,0.0981,C,241.1
2026-04-29 20:48:00,P291013,SS304,2.433,5,0.1096,C,242.6
2026-04-29 21:12:00,P291014,SS304,2.496,0,0.1016,C,253.1
2026-04-29 21:36:00,P291015,SS304,2.525,0,0.1004,C,235.8
2026-04-29 22:00:00,P291016,SS304,2.647,0,0.1061,C,249.7
2026-04-29 22:24:00,P291017,SS304,2.637,0,0.0984,C,237.8
2026-04-29 22:48:00,P291018,SS304,2.596,0,0.1063,C,256.2
2026-04-29 23:12:00,P291019,SS304,2.671,0,0.0966,C,244.6
2026-04-29 23:36:00,P291020,SS304,2.646,3,0.1074,C,240.0
2026-04-30 00:00:00,P291021,SS304,2.492,7,0.1049,C,242.5
2026-04-30 00:24:00,P291022,SS304,2.714,0,0.1055,C,235.0
2026-04-30 00:48:00,P291023,SS304,2.595,6,0.1085,C,257.2
2026-04-30 01:12:00,P291024,SS304,2.735,0,0.1137,C,251.4
2026-04-30 01:36:00,P291025,SS304,2.548,5,0.1047,C,243.0
2026-04-30 04:00:00,P292001,TI6AL4V,2.745,6,0.1174,C,368.8
2026-04-30 04:24:00,P292002,TI6AL4V,2.623,7,0.1183,C,387.8
2026-04-30 04:48:00,P292003,TI6AL4V,2.806,0,0.1096,C,377.1
2026-04-30 05:12:00,P292004,TI6AL4V,2.632,0,0.1117,C,383.1
2026-04-30 05:36:00,P292005,TI6AL4V,2.765,8,0.1156,C,362.5
2026-04-30 06:00:00,P292006,TI6AL4V,2.778,9,0.1118,C,369.3
2026-04-30 06:24:00,P292007,TI6AL4V,2.534,9,0.1174,C,373.0
2026-04-30 06:48:00,P292008,TI6AL4V,2.615,7,0.1114,C,369.5
2026-04-30 07:12:00,P292009,TI6AL4V,2.697,8,0.1145,C,371.9
2026-04-30 07:36:00,P292010,TI6AL4V,2.63,8,0.1148,C,387.3
2026-04-30 08:00:00,P292011,TI6AL4V,2.532,0,0.103,C,365.1
2026-04-30 08:24:00,P292012,TI6AL4V,2.768,6,0.1162,C,385.0
2026-04-30 08:48:00,P292013,TI6AL4V,2.745,0,0.1146,C,369.3
2026-04-30 09:12:00,P292014,TI6AL4V,2.757,3,0.1142,C,361.6
2026-04-30 09:36:00,P292015,TI6AL4V,2.485,8,0.1077,C,380.4
2026-04-30 10:00:00,P292016,AL7075,2.313,3,0.105,C,159.7
2026-04-30 10:24:00,P292017,AL7075,2.363,0,0.0985,C,168.9
2026-04-30 10:48:00,P292018,AL7075,2.591,0,0.0934,C,180.4
2026-04-30 11:12:00,P292019,AL7075,2.479,0,0.1031,C,174.9
2026-04-30 11:36:00,P292020,AL7075,2.259,0,0.0989,C,174.7
2026-04-30 12:00:00,P292021,AL7075,2.53,0,0.105,C,162.3
2026-04-30 12:24:00,P292022,AL7075,2.458,0,0.1023,C,174.0
2026-04-30 12:48:00,P292023,AL7075,2.499,7,0.1,C,176.3
2026-04-30 13:12:00,P292024,AL7075,2.462,0,0.1038,C,178.8
2026-04-30 13:36:00,P292025,AL7075,2.287,0,0.1007,C,180.5
2026-04-30 16:00:00,P301001,AL7075,2.355,8,0.0904,C,167.8
2026-04-30 16:24:00,P301002,AL7075,2.598,0,0.1087,C,179.2
2026-04-30 16:48:00,P301003,AL7075,2.362,0,0.1072,C,160.2
2026-04-30 17:12:00,P301004,AL7075,2.351,0,0.1052,C,160.1
2026-04-30 17:36:00,P301005,AL7075,2.422,5,0.0993,C,172.0
2026-04-30 18:00:00,P301006,AL7075,2.336,4,0.099,C,169.5
2026-04-30 18:24:00,P301007,AL7075,2.569,6,0.098,C,175.0
2026-04-30 18:48:00,P301008,AL7075,2.267,0,0.0976,C,174.4
2026-04-30 19:12:00,P301009,AL7075,2.597,0,0.1055,C,159.1
2026-04-30 19:36:00,P301010,AL7075,2.626,0,0.1024,C,157.7
2026-04-30 20:00:00,P301011,AL7075,2.406,7,0.0911,C,164.8
2026-04-30 20:24:00,P301012,AL7075,2.463,4,0.1021,C,184.7
2026-04-30 20:48:00,P301013,AL7075,2.467,7,0.103,C,178.4
2026-04-30 21:12:00,P301014,AL7075,2.573,5,0.0998,C,154.9
2026-04-30 21:36:00,P301015,SS304,2.494,4,0.1031,C,248.1
2026-04-30 22:00:00,P301016,SS304,2.474,0,0.0983,C,242.1
2026-04-30 22:24:00,P301017,SS304,2.37,0,0.095,C,249.1
2026-04-30 22:48:00,P301018,SS304,2.297,2,0.1012,C,243.1
2026-04-30 23:12:00,P301019,SS304,2.522,0,0.1052,C,247.5
2026-04-30 23:36:00,P301020,SS304,2.414,6,0.1043,C,248.7
2026-05-01 00:00:00,P301021,SS304,2.429,0,0.0964,C,245.8
2026-05-01 00:24:00,P301022,SS304,2.655,0,0.1033,C,253.4
2026-05-01 00:48:00,P301023,SS304,2.387,6,0.0996,C,247.2
2026-05-01 01:12:00,P301024,SS304,2.442,6,0.1079,C,257.6
2026-05-01 01:36:00,P301025,SS304,2.565,0,0.1025,C,248.4
2026-05-01 04:00:00,P302001,SS304,2.569,0,0.101,C,247.2
2026-05-01 04:24:00,P302002,SS304,2.547,10,0.0972,C,258.1
2026-05-01 04:48:00,P302003,SS304,2.456,0,0.1008,C,257.9
2026-05-01 05:12:00,P302004,SS304,2.552,0,0.0961,C,244.2
2026-05-01 05:36:00,P302005,SS304,2.552,6,0.1084,C,243.9
2026-05-01 06:00:00,P302006,SS304,2.459,11,0.1044,C,247.8
2026-05-01 06:24:00,P302007,SS304,2.588,0,0.1068,C,248.3
2026-05-01 06:48:00,P302008,SS304,2.629,0,0.1048,C,254.7
2026-05-01 07:12:00,P302009,SS304,2.546,5,0.1089,C,243.3
2026-05-01 07:36:00,P302010,SS304,2.515,0,0.1083,C,238.0
2026-05-01 08:00:00,P302011,TI6AL4V,2.71,6,0.1131,C,371.6
2026-05-01 08:24:00,P302012,TI6AL4V,2.766,4,0.1105,C,376.0
2026-05-01 08:48:00,P302013,TI6AL4V,2.566,0,0.1044,C,382.8
2026-05-01 09:12:00,P302014,TI6AL4V,2.672,0,0.1173,C,386.5
2026-05-01 09:36:00,P302015,TI6AL4V,2.888,8,0.1099,C,362.5
2026-05-01 10:00:00,P302016,TI6AL4V,2.612,0,0.1173,C,385.8
2026-05-01 10:24:00,P302017,TI6AL4V,2.541,11,0.1138,C,360.0
2026-05-01 10:48:00,P302018,TI6AL4V,2.69,0,0.1187,C,366.9
2026-05-01 11:12:00,P302019,TI6AL4V,2.399,4,0.1127,C,374.7
2026-05-01 11:36:00,P302020,TI6AL4V,2.632,8,0.1052,C,381.2
2026-05-01 12:00:00,P302021,TI6AL4V,2.633,6,0.1142,C,390.8
2026-05-01 12:24:00,P302022,TI6AL4V,2.663,7,0.1224,C,375.3
2026-05-01 12:48:00,P302023,TI6AL4V,2.704,4,0.1136,C,368.3
2026-05-01 13:12:00,P302024,TI6AL4V,2.783,0,0.111,C,377.7
2026-05-01 13:36:00,P302025,TI6AL4V,2.727,7,0.1191,C,371.2
